name,region,region_code,year,Alumni,Award,HiCi,N&S,PUB,PCP,continent,total_score,rank
AGH University of Krakow,Poland,pl,2025,0.0,0.0,0.0,3.6,30.2,12.4,Europe,8.0,800
Aalborg University,Denmark,dk,2025,0.0,0.0,14.7,6.7,36.4,16.8,Europe,13.24,383
Aalto University,Finland,fi,2025,0.0,0.0,9.3,12.7,31.0,14.6,Europe,12.06,436
Aarhus University,Denmark,dk,2025,10.2,19.8,17.4,26.7,53.3,27.6,Europe,27.22,85
Adam Mickiewicz University,Poland,pl,2025,0.0,0.0,0.0,6.0,25.0,9.1,Europe,7.11,907
Addis Ababa University,Ethiopia,et,2025,16.1,0.0,0.0,5.7,24.9,11.8,Africa,8.91,685
Ain Shams University,Egypt,eg,2025,0.0,0.0,0.0,5.2,32.1,13.7,Africa,8.83,692
Air Force Medical University,China,cn,2025,0.0,0.0,0.0,8.2,30.6,13.3,Asia,9.09,668
Aix Marseille University,France,fr,2025,16.1,0.0,18.6,23.5,49.0,19.4,Europe,21.77,157
Ajou University,South Korea,kr,2025,0.0,0.0,0.0,2.1,25.4,15.2,Asia,7.02,928
Al-Azhar University,Egypt,eg,2025,0.0,0.0,0.0,4.1,30.6,13.0,Africa,8.24,763
Al-Imam Mohammad Ibn Saud Islamic University,Saudi Arabia,sa,2025,0.0,0.0,0.0,2.5,25.7,10.9,Asia,6.73,982
Albert Einstein College of Medicine,United States,us,2025,0.0,0.0,9.3,15.8,26.2,30.1,North America,13.27,378
Alexandria University,Egypt,eg,2025,11.4,0.0,0.0,4.0,32.4,14.2,Africa,9.84,590
Amherst College,United States,us,2025,23.9,0.0,0.0,5.2,8.8,18.6,North America,7.05,923
Anhui Agricultural University,China,cn,2025,0.0,0.0,6.6,2.7,27.0,11.4,Asia,8.4,743
Anhui Medical University,China,cn,2025,0.0,0.0,6.6,6.0,41.1,19.2,Asia,12.66,407
Anhui Normal University,China,cn,2025,0.0,0.0,6.6,4.1,24.1,9.2,Asia,7.88,810
Anhui University,China,cn,2025,0.0,0.0,13.2,7.2,39.1,13.4,Asia,13.24,383
Anhui University of Science & Technology,China,cn,2025,0.0,0.0,0.0,0.0,28.4,10.9,Asia,6.77,973
Ankara University,Turkey,tr,2025,0.0,0.0,0.0,4.6,29.6,12.6,Europe,8.1,779
Aristotle University of Thessaloniki,Greece,gr,2025,0.0,0.0,6.6,4.6,34.4,14.9,Europe,10.61,535
Arizona State University,United States,us,2025,0.0,18.1,13.2,21.8,40.7,17.2,North America,20.48,177
Army Medical University,China,cn,2025,0.0,0.0,0.0,5.7,29.0,12.4,Asia,8.18,769
Ataturk University,Turkey,tr,2025,0.0,0.0,0.0,2.9,25.8,10.9,Europe,6.83,964
Auburn University,United States,us,2025,0.0,0.0,6.6,9.8,30.4,15.4,North America,10.9,513
Auckland University of Technology,New Zealand,nz,2025,0.0,0.0,6.6,2.1,19.6,14.0,Oceania,7.06,919
Augusta University,United States,us,2025,0.0,0.0,11.4,1.5,19.3,12.3,North America,7.67,833
Australian Catholic University,Australia,au,2025,0.0,0.0,11.4,2.5,20.5,19.4,Oceania,8.82,693
Autonomous University of Barcelona,Spain,es,2025,0.0,0.0,0.0,11.0,44.3,26.4,Europe,13.7,355
Autonomous University of Madrid,Spain,es,2025,0.0,0.0,6.6,10.5,38.2,20.6,Europe,13.12,390
Banaras Hindu University,India,in,2025,0.0,0.0,0.0,2.9,26.4,11.2,Asia,6.98,933
Bangor University,United Kingdom,gb,2025,10.2,0.0,13.2,7.3,16.9,22.4,Europe,10.74,526
Bar-Ilan University,Israel,il,2025,0.0,0.0,9.3,8.0,28.6,18.6,Asia,11.04,505
Baylor College of Medicine,United States,us,2025,0.0,0.0,20.8,24.7,40.1,15.4,North America,18.66,208
Baylor University,United States,us,2025,0.0,0.0,6.6,5.5,25.4,14.4,North America,8.94,682
Beihang University,China,cn,2025,0.0,0.0,22.8,19.8,59.2,19.5,Asia,22.31,143
Beijing Forestry University,China,cn,2025,0.0,0.0,0.0,4.1,33.9,15.3,Asia,9.13,662
Beijing Institute of Technology,China,cn,2025,0.0,0.0,37.2,16.1,61.6,23.1,Asia,25.29,102
Beijing Jiaotong University,China,cn,2025,0.0,0.0,0.0,1.5,41.8,15.2,Asia,10.18,566
Beijing Normal University,China,cn,2025,14.4,0.0,21.8,15.5,56.9,20.5,Asia,22.33,142
Beijing Technology and Business University,China,cn,2025,0.0,0.0,6.6,2.1,28.5,14.5,Asia,8.89,688
Beijing University of Chemical Technology,China,cn,2025,0.0,0.0,20.8,8.5,38.2,19.0,Asia,15.4,286
Beijing University of Posts and Telecommunications,China,cn,2025,0.0,0.0,0.0,0.0,35.4,14.1,Asia,8.49,729
Beijing University of Technology,China,cn,2025,0.0,0.0,9.3,11.3,47.6,17.2,Asia,15.36,289
Ben-Gurion University of the Negev,Israel,il,2025,0.0,0.0,9.3,14.0,32.5,20.9,Asia,13.25,382
Bielefeld University,Germany,de,2025,0.0,0.0,0.0,4.1,25.4,22.2,Europe,8.12,777
Binghamton University,United States,us,2025,0.0,15.6,0.0,6.0,18.3,15.7,North America,9.55,623
"Birkbeck, University of London",United Kingdom,gb,2025,0.0,0.0,6.6,7.3,15.6,16.0,Europe,7.5,854
Boston College,United States,us,2025,0.0,0.0,6.6,16.5,23.8,17.1,North America,11.09,502
Boston University,United States,us,2025,16.9,10.4,20.8,20.4,49.4,21.1,North America,24.0,118
Brandeis University,United States,us,2025,22.2,11.1,0.0,15.4,16.8,26.4,North America,13.52,366
Brescia University,Italy,it,2025,0.0,0.0,6.6,4.9,25.5,20.5,Europe,9.45,636
Brigham Young University,United States,us,2025,7.2,0.0,6.6,3.6,24.2,11.7,North America,8.77,699
Brock University,Canada,ca,2025,0.0,0.0,6.6,3.7,19.1,13.7,North America,7.25,892
Brown University,United States,us,2025,23.4,17.9,13.2,20.7,43.6,32.4,North America,24.66,112
Brunel University London,United Kingdom,gb,2025,0.0,0.0,9.3,2.9,24.5,16.4,Europe,8.98,674
Budapest University of Technology and Economics,Hungary,hu,2025,16.1,0.0,0.0,2.1,21.3,10.2,Europe,7.31,881
COMSATS University Islamabad,Pakistan,pk,2025,0.0,0.0,0.0,2.5,32.5,13.7,Asia,8.37,746
CUNY Graduate School and University Center,United States,us,2025,0.0,0.0,11.4,11.7,22.3,26.0,North America,11.68,457
Cairo University,Egypt,eg,2025,16.9,0.0,0.0,3.9,41.3,18.2,Africa,12.55,411
California Institute of Technology,United States,us,2025,54.7,62.1,31.6,58.7,39.5,100.0,North America,53.85,9
Capital Medical University,China,cn,2025,0.0,0.0,6.6,10.0,59.7,34.7,Asia,18.73,206
Capital Normal University,China,cn,2025,0.0,0.0,6.6,4.1,22.9,10.2,Asia,7.74,828
Cardiff University,United Kingdom,gb,2025,0.0,14.7,13.2,19.4,37.5,21.1,Europe,19.07,200
Carleton University,Canada,ca,2025,0.0,0.0,6.6,7.2,28.4,15.3,North America,9.97,580
Carlos III University of Madrid,Spain,es,2025,0.0,0.0,0.0,4.4,22.4,14.2,Europe,6.78,972
Carnegie Mellon University,United States,us,2025,28.4,27.1,11.4,23.4,31.0,27.0,North America,24.12,117
Case Western Reserve University,United States,us,2025,29.3,9.0,20.8,13.7,36.6,25.8,North America,21.53,161
Catholic University of Louvain,Belgium,be,2025,8.8,11.7,17.4,12.0,28.3,24.6,Europe,17.22,237
Catholic University of the Sacred Heart,Italy,it,2025,0.0,0.0,11.4,1.5,34.6,21.4,Europe,11.64,461
Central China Normal University,China,cn,2025,0.0,0.0,11.4,3.6,32.5,13.1,Asia,10.81,519
Central South University,China,cn,2025,0.0,0.0,25.5,10.5,80.9,24.0,Asia,25.78,96
Central University of Finance and Economics,China,cn,2025,0.0,0.0,0.0,0.0,23.1,13.2,Asia,5.94,997
Chalmers University of Technology,Sweden,se,2025,0.0,0.0,11.4,12.4,29.2,22.9,Europe,12.89,398
Chang Gung University,Taiwan,tw,2025,0.0,0.0,0.0,2.9,31.3,21.3,Asia,8.97,678
Chang'an University,China,cn,2025,0.0,0.0,0.0,1.5,37.7,12.8,Asia,9.12,663
Changsha University of Science & Technology,China,cn,2025,0.0,0.0,0.0,2.3,30.1,10.4,Asia,7.52,851
Changzhou University,China,cn,2025,0.0,0.0,6.6,3.3,32.6,13.2,Asia,9.82,592
Charles University,Czech Republic,cz,2025,0.0,0.0,0.0,11.9,44.6,19.6,Europe,13.26,380
Chengdu University,China,cn,2025,0.0,0.0,0.0,2.1,31.2,12.3,Asia,7.89,807
Chengdu University of Technology,China,cn,2025,0.0,0.0,0.0,5.7,34.6,12.5,Asia,9.31,648
Chengdu University of Traditional Chinese Medicine,China,cn,2025,0.0,0.0,0.0,2.1,26.3,10.8,Asia,6.76,977
Chiang Mai University,Thailand,th,2025,0.0,0.0,0.0,4.1,28.3,12.0,Asia,7.68,832
Chiba University,Japan,jp,2025,0.0,0.0,0.0,10.2,27.8,13.4,Asia,8.94,682
China Agricultural University,China,cn,2025,0.0,0.0,32.9,10.7,48.1,21.1,Asia,20.45,180
China Jiliang University,China,cn,2025,0.0,0.0,0.0,2.1,27.2,11.1,Asia,6.97,938
China Medical University (Shenyang),China,cn,2025,0.0,0.0,0.0,1.5,33.9,18.8,Asia,8.96,679
China Medical University (Taichung),Taiwan,tw,2025,0.0,0.0,6.6,4.1,34.1,25.4,Asia,11.5,471
China Pharmaceutical University,China,cn,2025,0.0,0.0,0.0,7.0,27.6,13.3,Asia,8.25,761
China University of Geosciences,China,cn,2025,0.0,0.0,19.7,9.9,46.5,18.5,Asia,17.07,241
China University of Geosciences Beijing,China,cn,2025,0.0,0.0,11.4,5.1,36.9,19.0,Asia,12.58,409
China University of Mining and Technology,China,cn,2025,0.0,0.0,6.6,1.5,45.3,16.8,Asia,12.36,422
China University of Mining and Technology-Beijing,China,cn,2025,0.0,0.0,6.6,0.0,31.7,18.7,Asia,9.53,629
China University of Petroleum (East China),China,cn,2025,0.0,0.0,14.7,2.5,41.1,16.8,Asia,13.34,373
"China University of Petroleum, Beijing",China,cn,2025,0.0,0.0,6.6,5.1,35.2,15.0,Asia,10.88,516
Chongqing Medical University,China,cn,2025,0.0,0.0,0.0,3.9,42.6,14.0,Asia,10.7,528
Chongqing University,China,cn,2025,0.0,0.0,20.8,9.5,63.5,19.6,Asia,20.72,174
Chongqing University of Posts and Telecommunications,China,cn,2025,0.0,0.0,9.3,0.0,27.4,11.3,Asia,8.47,731
Chonnam National University,South Korea,kr,2025,0.0,0.0,0.0,5.9,34.0,15.7,Asia,9.55,623
Chulalongkorn University,Thailand,th,2025,0.0,0.0,0.0,2.9,35.6,15.0,Asia,9.2,656
Chung-Ang University,South Korea,kr,2025,0.0,0.0,0.0,3.4,31.8,15.3,Asia,8.57,720
Chungbuk National University,South Korea,kr,2025,0.0,0.0,6.6,2.1,25.8,15.6,Asia,8.46,733
Chungnam National University,South Korea,kr,2025,0.0,0.0,0.0,2.5,31.8,16.1,Asia,8.47,731
"City St George’s, University of London",United Kingdom,gb,2025,0.0,0.0,9.3,3.6,17.9,19.3,Europe,8.09,780
City University of Hong Kong,Hong Kong,hk,2025,0.0,0.0,40.0,21.1,50.5,31.6,Asia,25.48,99
Claude Bernard University Lyon 1,France,fr,2025,8.8,0.0,11.4,20.4,38.1,19.7,Europe,16.83,249
Clemson University,United States,us,2025,0.0,0.0,0.0,7.2,29.2,15.7,North America,8.85,691
Colorado School of Mines,United States,us,2025,0.0,0.0,9.3,8.1,19.4,21.7,North America,9.53,629
Colorado State University,United States,us,2025,0.0,0.0,13.2,17.9,34.7,18.7,North America,15.03,300
Columbia University,United States,us,2025,58.3,61.9,46.1,54.0,64.0,31.0,North America,54.13,8
Comenius University in Bratislava,Slovakia,sk,2025,0.0,0.0,0.0,5.5,25.1,10.8,Europe,7.2,894
Complutense University of Madrid,Spain,es,2025,16.1,0.0,0.0,11.7,45.2,16.5,Europe,14.64,317
Concordia University,Canada,ca,2025,0.0,0.0,6.6,5.3,27.0,13.9,North America,9.17,657
Copenhagen Business School,Denmark,dk,2025,0.0,0.0,9.3,0.0,18.3,9.8,Europe,6.5,994
Cornell University,United States,us,2025,42.6,43.3,37.8,56.2,61.4,42.8,North America,48.28,12
Cranfield University,United Kingdom,gb,2025,0.0,0.0,6.6,2.9,18.7,17.2,Europe,7.36,876
Curtin University,Australia,au,2025,0.0,0.0,14.7,16.8,39.5,26.7,Oceania,16.87,247
Czech Technical University in Prague,Czech Republic,cz,2025,5.1,0.0,0.0,5.2,23.1,13.9,Europe,7.56,845
Czech University of Life Sciences Prague,Czech Republic,cz,2025,0.0,0.0,0.0,4.9,22.0,21.3,Europe,7.51,853
Dalhousie University,Canada,ca,2025,11.4,0.0,11.4,10.4,33.8,17.9,North America,14.05,339
Dalian Maritime University,China,cn,2025,0.0,0.0,6.6,2.1,32.6,13.4,Asia,9.6,618
Dalian Medical University,China,cn,2025,0.0,0.0,0.0,1.5,26.4,16.3,Asia,7.21,893
Dalian University of Technology,China,cn,2025,0.0,0.0,19.7,6.1,59.5,20.7,Asia,19.13,198
Dartmouth College,United States,us,2025,19.1,0.0,6.6,15.8,27.3,22.2,North America,14.07,337
Deakin University,Australia,au,2025,0.0,0.0,20.8,9.9,41.5,24.5,Oceania,16.89,245
Delft University of Technology,Netherlands,nl,2025,10.2,0.0,13.2,26.5,41.9,20.7,Europe,19.41,191
Dongguan University of Technology,China,cn,2025,0.0,0.0,9.3,1.5,22.1,11.7,Asia,7.75,827
Dongguk University,South Korea,kr,2025,0.0,0.0,0.0,2.7,25.9,13.5,Asia,7.07,918
Donghua University,China,cn,2025,0.0,0.0,9.3,4.6,35.8,16.7,Asia,11.61,462
Dresden University of Technology,Germany,de,2025,0.0,0.0,19.7,14.7,41.1,33.7,Europe,18.47,210
Drexel University,United States,us,2025,0.0,0.0,11.4,6.2,27.2,19.8,North America,10.94,510
Duke University,United States,us,2025,19.1,17.5,28.7,38.8,58.0,20.9,North America,32.6,46
Durham University,United Kingdom,gb,2025,0.0,0.0,14.7,15.2,35.1,20.0,Europe,15.0,301
ETH Zurich,Switzerland,ch,2025,26.0,41.4,28.7,54.1,52.7,47.8,Europe,42.76,22
East China Normal University,China,cn,2025,0.0,0.0,14.7,14.7,45.7,16.3,Asia,16.65,254
East China University of Science and Technology,China,cn,2025,0.0,0.0,18.6,7.7,43.2,18.2,Asia,15.72,272
Ecole Normale Superieure - Lyon,France,fr,2025,19.7,18.1,0.0,7.8,21.2,30.2,Europe,14.41,331
Edith Cowan University,Australia,au,2025,0.0,0.0,0.0,2.1,23.9,21.5,Oceania,7.35,877
Ege University,Turkey,tr,2025,0.0,0.0,0.0,3.3,27.4,11.6,Europe,7.3,884
Eindhoven University of Technology,Netherlands,nl,2025,0.0,0.0,11.4,12.5,31.4,21.2,Europe,13.18,387
Emory University,United States,us,2025,0.0,0.0,24.6,23.8,51.0,25.7,North America,22.45,138
Eotvos Lorand University,Hungary,hu,2025,10.2,0.0,0.0,9.9,28.4,13.0,Europe,9.98,579
Erasmus University Rotterdam,Netherlands,nl,2025,13.5,12.8,27.1,14.7,49.6,31.2,Europe,25.31,101
Ewha Womans University,South Korea,kr,2025,0.0,0.0,6.6,5.9,28.1,15.4,Asia,9.66,611
Federal University of Bahia,Brazil,br,2025,0.0,0.0,0.0,4.6,24.1,10.3,South America,6.77,973
Federal University of Ceara,Brazil,br,2025,0.0,0.0,0.0,5.1,25.0,10.7,South America,7.09,914
Federal University of Minas Gerais,Brazil,br,2025,0.0,0.0,0.0,8.9,36.1,15.7,South America,10.57,536
Federal University of Parana,Brazil,br,2025,0.0,0.0,0.0,3.6,31.9,13.5,South America,8.45,736
Federal University of Pelotas,Brazil,br,2025,0.0,0.0,6.6,2.1,20.7,9.2,South America,6.8,969
Federal University of Pernambuco,Brazil,br,2025,0.0,0.0,0.0,2.1,27.4,11.6,South America,7.06,919
Federal University of Rio Grande do Sul,Brazil,br,2025,0.0,0.0,0.0,5.5,35.3,15.0,South America,9.66,611
Federal University of Rio de Janeiro,Brazil,br,2025,0.0,0.0,0.0,8.5,37.7,16.3,South America,10.87,517
Federal University of Santa Catarina,Brazil,br,2025,0.0,0.0,0.0,6.9,30.6,13.2,South America,8.82,693
Federal University of Santa Maria,Brazil,br,2025,0.0,0.0,6.6,4.9,24.3,10.8,South America,8.24,763
Federal University of Sao Carlos,Brazil,br,2025,0.0,0.0,0.0,5.9,27.5,11.8,South America,7.86,815
Federal University of Sao Paulo,Brazil,br,2025,0.0,0.0,0.0,4.5,29.4,12.5,South America,8.03,793
Federal University of Vicosa,Brazil,br,2025,0.0,0.0,6.6,3.6,23.9,10.5,South America,7.87,814
Flinders University,Australia,au,2025,14.4,0.0,0.0,7.0,30.5,23.3,Oceania,11.27,489
Florida International University,United States,us,2025,0.0,0.0,0.0,9.8,29.2,16.5,North America,9.45,636
Florida State University,United States,us,2025,0.0,0.0,9.3,15.1,35.2,18.0,North America,13.72,353
Free University of Bozen-Bolzano,Italy,it,2025,0.0,0.0,6.6,2.1,16.5,16.8,Europe,6.72,984
Fudan University,China,cn,2025,0.0,0.0,38.9,33.6,81.0,27.5,Asia,33.45,41
Fujian Agriculture and Forestry University,China,cn,2025,0.0,0.0,9.3,11.6,32.0,12.8,Asia,11.86,450
Fujian Medical University,China,cn,2025,0.0,0.0,6.6,2.5,43.7,29.7,Asia,13.53,365
Fujian Normal University,China,cn,2025,0.0,0.0,9.3,3.3,30.5,11.2,Asia,9.74,598
Fuzhou University,China,cn,2025,0.0,0.0,13.2,6.5,45.6,15.8,Asia,14.64,317
Gachon University,South Korea,kr,2025,0.0,0.0,0.0,2.1,31.1,16.3,Asia,8.27,759
Gansu Agricultural University,China,cn,2025,0.0,0.0,6.6,0.0,23.3,11.3,Asia,7.11,907
Gazi University,Turkey,tr,2025,0.0,0.0,0.0,0.0,28.8,12.1,Europe,6.97,938
George Mason University,United States,us,2025,0.0,28.5,6.6,10.5,28.9,18.6,North America,16.76,250
George Washington University,United States,us,2025,10.2,0.0,9.3,14.2,35.3,18.9,North America,14.67,315
Georgetown University,United States,us,2025,0.0,0.0,6.6,8.0,31.9,18.9,North America,11.19,495
Georgia Institute of Technology,United States,us,2025,11.4,0.0,19.7,21.0,39.9,27.3,North America,19.99,182
Georgia State University,United States,us,2025,0.0,0.0,6.6,4.6,27.7,16.0,North America,9.38,642
Ghent University,Belgium,be,2025,0.0,9.0,32.2,20.0,54.2,32.7,Europe,26.35,91
Goethe University Frankfurt,Germany,de,2025,31.0,0.0,13.2,21.0,38.2,33.6,Europe,20.94,172
Graz University of Technology,Austria,at,2025,0.0,0.0,9.3,5.5,20.9,22.1,Europe,9.35,644
Griffith University,Australia,au,2025,0.0,0.0,11.4,13.0,38.5,22.7,Oceania,14.85,307
Guangdong University of Technology,China,cn,2025,0.0,0.0,11.4,2.1,44.7,14.9,Asia,13.13,389
Guangxi Medical University,China,cn,2025,0.0,0.0,0.0,2.1,29.9,10.0,Asia,7.4,866
Guangxi Normal University,China,cn,2025,0.0,0.0,6.6,4.4,27.0,10.7,Asia,8.67,708
Guangxi University,China,cn,2025,0.0,0.0,6.6,7.2,47.3,16.6,Asia,13.88,348
Guangzhou Medical University,China,cn,2025,0.0,0.0,11.4,7.4,39.9,19.8,Asia,13.72,353
Guangzhou University,China,cn,2025,0.0,0.0,6.6,4.9,39.4,14.1,Asia,11.59,466
Guangzhou University of Chinese Medicine,China,cn,2025,0.0,0.0,0.0,2.1,31.0,12.4,Asia,7.86,815
Guizhou University,China,cn,2025,0.0,0.0,0.0,3.9,46.2,14.5,Asia,11.47,475
Gyeongsang National University,South Korea,kr,2025,0.0,0.0,0.0,1.5,26.6,13.5,Asia,6.97,938
HSE University,Russia,ru,2025,0.0,0.0,0.0,0.0,25.5,12.2,Europe,6.32,995
Hacettepe University,Turkey,tr,2025,0.0,0.0,0.0,3.6,33.1,14.0,Europe,8.74,703
Hainan Medical University,China,cn,2025,0.0,0.0,0.0,5.5,22.8,13.7,Asia,7.03,926
Hainan University,China,cn,2025,0.0,0.0,6.6,3.9,42.4,13.6,Asia,11.94,442
Hallym University,South Korea,kr,2025,0.0,0.0,6.6,3.6,22.8,14.5,Asia,8.05,790
Hamburg University of Technology,Germany,de,2025,0.0,0.0,9.3,3.9,13.2,15.7,Europe,6.85,962
Hangzhou City University,China,cn,2025,0.0,0.0,6.6,2.1,20.1,11.8,Asia,6.94,946
Hangzhou Dianzi University,China,cn,2025,0.0,0.0,9.3,1.5,34.3,14.5,Asia,10.47,547
Hangzhou Medical College,China,cn,2025,0.0,0.0,0.0,2.1,23.2,16.1,Asia,6.67,993
Hangzhou Normal University,China,cn,2025,0.0,0.0,6.6,3.9,32.0,12.2,Asia,9.72,599
Hannover Medical School,Germany,de,2025,0.0,0.0,6.6,8.4,27.6,27.9,Europe,11.31,487
Hanyang University,South Korea,kr,2025,0.0,0.0,17.4,9.3,42.1,19.2,Asia,15.68,274
Harbin Engineering University,China,cn,2025,0.0,0.0,6.6,1.5,40.0,14.8,Asia,11.1,501
Harbin Institute of Technology,China,cn,2025,0.0,0.0,23.7,16.3,75.0,21.3,Asia,25.13,106
Harbin Medical University,China,cn,2025,0.0,0.0,0.0,2.1,32.7,17.6,Asia,8.72,706
Harvard University,United States,us,2025,100.0,96.2,100.0,100.0,96.8,84.5,North America,97.05,1
Hassan II University of Casablanca,Morocco,ma,2025,0.0,0.0,6.6,2.9,20.8,9.3,Africa,6.99,932
Hebei Medical University,China,cn,2025,0.0,0.0,0.0,0.0,31.7,17.9,Asia,8.13,775
Hebei Normal University,China,cn,2025,0.0,0.0,6.6,3.3,20.2,8.5,Asia,6.87,960
Hebei University,China,cn,2025,0.0,0.0,11.4,2.5,31.9,11.6,Asia,10.32,556
Hebei University of Technology,China,cn,2025,0.0,0.0,6.6,0.0,35.8,13.6,Asia,9.84,590
Hefei University of Technology,China,cn,2025,0.0,0.0,9.3,2.1,43.4,14.7,Asia,12.43,418
Heidelberg University,Germany,de,2025,17.7,20.7,22.8,31.6,50.9,48.2,Europe,31.79,51
Heilongjiang University,China,cn,2025,0.0,0.0,11.4,1.5,21.7,9.6,Asia,7.88,810
Heinrich Heine University Duesseldorf,Germany,de,2025,10.2,0.0,18.6,13.0,30.5,35.3,Europe,16.97,244
Henan Agricultural University,China,cn,2025,0.0,0.0,0.0,3.9,25.9,9.7,Asia,6.93,949
Henan Normal University,China,cn,2025,0.0,0.0,0.0,4.7,30.5,10.3,Asia,8.07,787
Henan Polytechnic University,China,cn,2025,0.0,0.0,0.0,0.0,30.5,9.4,Asia,7.04,924
Henan University,China,cn,2025,0.0,0.0,11.4,10.1,39.2,11.9,Asia,13.33,374
Henan University of Science and Technology,China,cn,2025,0.0,0.0,6.6,2.7,31.7,9.7,Asia,9.17,657
Heriot-Watt University,United Kingdom,gb,2025,0.0,0.0,6.6,5.4,19.9,17.0,Europe,8.08,784
Hiroshima University,Japan,jp,2025,0.0,0.0,6.6,9.6,34.9,14.6,Asia,11.68,457
Hohai University,China,cn,2025,0.0,0.0,0.0,1.5,46.5,16.1,Asia,11.21,493
Hokkaido University,Japan,jp,2025,10.2,14.7,0.0,15.6,39.7,15.2,Asia,16.54,256
Homi Bhabha National Institute,India,in,2025,0.0,0.0,0.0,6.8,30.5,13.1,Asia,8.77,699
Hong Kong Baptist University,Hong Kong,hk,2025,0.0,0.0,6.6,7.1,26.8,15.8,Asia,9.68,605
Huaqiao University,China,cn,2025,0.0,0.0,0.0,3.3,26.4,10.4,Asia,6.98,933
Huazhong Agricultural University,China,cn,2025,0.0,0.0,17.4,12.5,38.0,15.9,Asia,15.17,295
Huazhong University of Science and Technology,China,cn,2025,0.0,0.0,30.2,20.2,78.9,23.1,Asia,28.17,73
Hubei University,China,cn,2025,0.0,0.0,6.6,4.1,25.9,10.9,Asia,8.41,741
Humanitas University,Italy,it,2025,0.0,0.0,6.6,6.2,19.7,20.4,Europe,8.54,722
Hunan Agricultural University,China,cn,2025,0.0,0.0,0.0,4.6,25.4,9.6,Asia,6.96,942
Hunan Normal University,China,cn,2025,0.0,0.0,6.6,2.5,33.3,12.0,Asia,9.68,605
Hunan University,China,cn,2025,0.0,0.0,29.4,10.9,53.0,20.2,Asia,20.68,175
INHA University,South Korea,kr,2025,0.0,0.0,6.6,3.9,27.4,15.6,Asia,9.14,661
INSA Toulouse,France,fr,2025,0.0,0.0,11.4,4.6,12.5,16.5,Europe,7.35,877
Icahn School of Medicine at Mount Sinai,United States,us,2025,0.0,0.0,37.2,30.7,40.7,17.3,North America,23.45,123
Imperial College London,United Kingdom,gb,2025,12.5,30.6,39.5,37.8,62.5,39.0,Europe,39.23,26
Indian Institute of Science,India,in,2025,0.0,0.0,6.6,9.3,30.6,13.8,Asia,10.68,530
Indian Institute of Technology Bombay,India,in,2025,0.0,0.0,0.0,2.5,29.1,12.3,Asia,7.55,847
Indian Institute of Technology Delhi,India,in,2025,0.0,0.0,0.0,7.5,32.6,14.1,Asia,9.43,641
Indian Institute of Technology Kanpur,India,in,2025,0.0,0.0,6.6,6.6,26.4,11.8,Asia,9.1,666
Indian Institute of Technology Kharagpur,India,in,2025,0.0,0.0,0.0,0.0,31.2,13.1,Asia,7.55,847
Indian Institute of Technology Madras,India,in,2025,0.0,0.0,0.0,5.7,30.8,13.2,Asia,8.62,715
Indian Institute of Technology Roorkee,India,in,2025,0.0,0.0,0.0,1.5,29.2,12.3,Asia,7.37,874
"Indiana University, Bloomington",United States,us,2025,15.3,18.1,24.6,13.0,36.3,20.5,North America,21.98,150
"Indiana University, Indianapolis",United States,us,2025,0.0,0.0,9.3,9.2,38.2,12.4,North America,12.58,409
Institut polytechnique de Paris,France,fr,2025,19.7,15.1,6.6,11.7,30.9,30.0,Europe,17.83,223
Institute of Science Tokyo,Japan,jp,2025,11.4,27.1,9.3,16.0,40.7,26.8,Asia,22.44,139
Iowa State University,United States,us,2025,0.0,0.0,6.6,9.0,33.9,15.4,North America,11.44,479
Iran University of Medical Sciences,Iran,ir,2025,0.0,0.0,0.0,3.6,26.6,11.3,Asia,7.17,900
Istanbul Technical University,Turkey,tr,2025,0.0,0.0,0.0,3.7,28.4,12.1,Europe,7.63,839
Istanbul University,Turkey,tr,2025,16.9,0.0,0.0,5.7,31.5,14.4,Europe,10.57,536
Istanbul University Cerrahpasa,Turkey,tr,2025,0.0,0.0,6.6,3.1,26.2,11.4,Europe,8.32,750
Jagiellonian University,Poland,pl,2025,8.8,0.0,0.0,8.3,36.7,10.8,Europe,10.96,507
James Cook University,Australia,au,2025,0.0,0.0,13.2,14.1,24.3,25.0,Oceania,12.82,402
Jaume I University,Spain,es,2025,0.0,0.0,6.6,2.5,19.2,14.7,Europe,7.13,905
Jazan University,Saudi Arabia,sa,2025,0.0,0.0,0.0,2.9,25.6,10.9,Asia,6.79,971
Jeonbuk National University,South Korea,kr,2025,0.0,0.0,0.0,3.6,30.1,15.2,Asia,8.26,760
Jiangnan University,China,cn,2025,0.0,0.0,11.4,5.5,48.8,17.8,Asia,14.92,305
Jiangsu University,China,cn,2025,0.0,0.0,6.6,3.1,54.1,16.6,Asia,14.42,330
Jiangsu University of Science and Technology,China,cn,2025,0.0,0.0,6.6,4.6,32.3,12.0,Asia,9.9,584
Jiangxi Normal University,China,cn,2025,0.0,0.0,9.3,3.6,25.3,10.1,Asia,8.65,711
Jilin Agricultural University,China,cn,2025,0.0,0.0,0.0,3.3,24.0,12.4,Asia,6.7,988
Jilin University,China,cn,2025,0.0,0.0,21.8,15.4,67.5,17.4,Asia,22.68,135
Jinan University,China,cn,2025,0.0,0.0,0.0,9.8,50.2,16.0,Asia,13.6,360
Johannes Kepler University Linz,Austria,at,2025,0.0,0.0,0.0,5.6,20.8,20.3,Europe,7.31,881
Johns Hopkins University,United States,us,2025,33.4,33.9,45.6,38.6,72.2,27.9,North America,44.19,19
Juntendo University,Japan,jp,2025,0.0,0.0,0.0,5.4,23.4,10.1,Asia,6.77,973
KTH Royal Institute of Technology,Sweden,se,2025,0.0,12.8,11.4,12.9,35.9,27.3,Europe,17.33,234
KU Leuven,Belgium,be,2025,0.0,0.0,34.2,29.5,58.7,33.0,Europe,27.78,76
Kanazawa University,Japan,jp,2025,0.0,0.0,0.0,7.9,24.3,13.2,Asia,7.76,824
Kangwon National University,South Korea,kr,2025,0.0,0.0,6.6,3.6,25.7,13.6,Asia,8.54,722
Kansas State University,United States,us,2025,0.0,0.0,6.6,5.9,25.3,17.3,North America,9.29,649
Kaohsiung Medical University,Taiwan,tw,2025,0.0,0.0,0.0,1.5,25.1,18.2,Asia,7.14,902
Karlsruhe Institute of Technology (KIT),Germany,de,2025,0.0,0.0,6.6,9.7,38.8,35.7,Europe,14.59,320
Karolinska Institute,Sweden,se,2025,22.2,23.3,21.8,25.6,53.3,49.5,Europe,31.97,50
Keio University,Japan,jp,2025,0.0,0.0,17.4,16.3,33.9,17.5,Asia,15.27,293
Kent State University,United States,us,2025,0.0,0.0,9.3,6.7,19.2,12.9,North America,8.33,749
Khalifa University,United Arab Emirates,ae,2025,0.0,0.0,11.4,2.5,27.1,12.4,Asia,9.44,639
Kiel University,Germany,de,2025,7.2,9.0,16.1,11.3,29.3,27.5,Europe,16.61,255
Kindai University,Japan,jp,2025,0.0,0.0,9.3,5.1,21.2,10.0,Asia,8.12,777
King Abdulaziz University,Saudi Arabia,sa,2025,0.0,0.0,0.0,5.1,41.6,11.4,Asia,10.48,546
King Abdullah University of Science and Technology,Saudi Arabia,sa,2025,0.0,0.0,27.1,19.6,31.1,19.2,Asia,17.48,227
King Fahd University of Petroleum and Minerals,Saudi Arabia,sa,2025,0.0,0.0,0.0,0.0,30.7,20.0,Asia,8.14,772
King Faisal University,Saudi Arabia,sa,2025,0.0,0.0,0.0,5.2,26.6,11.4,Asia,7.5,854
King Khalid University,Saudi Arabia,sa,2025,0.0,0.0,0.0,1.5,46.3,19.5,Asia,11.51,470
King Saud University,Saudi Arabia,sa,2025,0.0,0.0,22.8,6.4,80.5,24.8,Asia,24.42,116
King's College London,United Kingdom,gb,2025,22.8,16.5,37.8,18.6,55.6,27.3,Europe,30.71,61
Kitasato University,Japan,jp,2025,0.0,13.5,0.0,2.9,19.1,9.9,Asia,8.09,780
Kobe University,Japan,jp,2025,13.5,0.0,0.0,10.8,29.8,13.6,Asia,10.83,518
Koc University,Turkey,tr,2025,0.0,0.0,6.6,6.0,23.9,10.7,Europe,8.37,746
Konkuk University,South Korea,kr,2025,0.0,0.0,0.0,6.0,27.0,13.9,Asia,7.99,801
Korea Advanced Institute of Science and Technology,South Korea,kr,2025,0.0,0.0,6.6,22.4,36.5,26.7,Asia,15.77,269
Korea University,South Korea,kr,2025,0.0,0.0,14.7,11.0,54.1,21.9,Asia,18.15,217
Kumamoto University,Japan,jp,2025,0.0,0.0,0.0,6.2,21.9,13.1,Asia,6.93,949
Kunming Medical University,China,cn,2025,0.0,0.0,0.0,2.9,26.8,10.8,Asia,7.02,928
Kunming University of Science and Technology,China,cn,2025,0.0,0.0,6.6,5.9,45.7,14.1,Asia,13.05,392
Kyoto University,Japan,jp,2025,33.0,38.0,18.6,25.8,53.3,21.1,Asia,32.55,47
Kyung Hee University,South Korea,kr,2025,0.0,0.0,6.6,5.9,42.4,19.0,Asia,12.88,399
Kyungpook National University,South Korea,kr,2025,0.0,0.0,6.6,6.0,36.1,16.2,Asia,11.36,483
Kyushu University,Japan,jp,2025,0.0,0.0,11.4,16.4,41.9,15.3,Asia,15.47,283
La Trobe University,Australia,au,2025,0.0,0.0,9.3,11.4,33.2,23.8,Oceania,13.16,388
Lancaster University,United Kingdom,gb,2025,0.0,0.0,13.2,13.8,30.8,19.6,Europe,13.52,366
Lanzhou University,China,cn,2025,0.0,0.0,11.4,10.6,52.4,18.1,Asia,16.69,252
Lanzhou University of Technology,China,cn,2025,0.0,0.0,6.6,0.0,31.3,13.0,Asia,8.88,689
Laval University,Canada,ca,2025,0.0,0.0,13.2,9.3,37.3,17.2,North America,13.68,357
Lebanese American University,Lebanon,lb,2025,0.0,0.0,0.0,0.0,37.6,15.8,Asia,9.1,666
Lehigh University,United States,us,2025,0.0,0.0,0.0,8.0,18.8,14.5,North America,6.81,967
Leibniz University Hannover,Germany,de,2025,0.0,0.0,9.3,8.5,27.2,26.8,Europe,11.68,457
Leiden University,Netherlands,nl,2025,14.4,0.0,30.2,21.7,50.7,25.8,Europe,24.54,114
Liaocheng University,China,cn,2025,0.0,0.0,0.0,1.5,27.9,10.4,Asia,6.92,951
Lingnan University,Hong Kong,hk,2025,0.0,0.0,9.3,0.0,16.8,18.1,Asia,7.03,926
Linkoping University,Sweden,se,2025,0.0,0.0,13.2,13.6,33.8,19.4,Europe,14.06,338
Linnaeus University,Sweden,se,2025,0.0,0.0,6.6,3.3,18.2,12.7,Europe,6.89,956
Liverpool John Moores University,United Kingdom,gb,2025,0.0,0.0,6.6,8.4,24.8,13.1,Europe,9.27,650
London School of Hygiene & Tropical Medicine,United Kingdom,gb,2025,5.1,0.0,25.5,13.8,32.8,34.1,Europe,18.34,213
Loughborough University,United Kingdom,gb,2025,0.0,0.0,0.0,4.6,26.7,15.8,Europe,7.84,821
"Louisiana State University, Baton Rouge",United States,us,2025,0.0,0.0,9.3,9.1,30.5,16.9,North America,11.47,475
Loyola University Chicago,United States,us,2025,0.0,0.0,0.0,5.4,21.5,13.3,North America,6.71,985
Lulea University of Technology,Sweden,se,2025,0.0,0.0,9.3,2.5,19.8,17.6,Europe,8.08,784
Lund University,Sweden,se,2025,17.7,16.5,19.7,18.8,49.2,24.1,Europe,25.02,108
Maastricht University,Netherlands,nl,2025,0.0,0.0,9.3,8.3,43.1,24.1,Europe,14.55,322
Macau University of Science and Technology,Macau,mo,2025,0.0,0.0,11.4,3.9,32.2,23.7,Asia,11.87,448
Macquarie University,Australia,au,2025,0.0,0.0,9.3,17.4,37.6,25.4,Oceania,15.4,286
Mahidol University,Thailand,th,2025,0.0,0.0,0.0,6.2,34.7,14.8,Asia,9.66,611
Manchester Metropolitan University,United Kingdom,gb,2025,0.0,0.0,9.3,5.3,23.3,13.6,Europe,8.94,682
Manipal Academy of Higher Education,India,in,2025,0.0,0.0,0.0,0.0,32.6,13.7,Asia,7.89,807
Mansoura University,Egypt,eg,2025,0.0,0.0,0.0,2.9,33.9,14.3,Africa,8.79,698
Marche Polytechnic University,Italy,it,2025,0.0,0.0,11.4,3.1,21.6,19.3,Europe,9.15,660
Marmara University,Turkey,tr,2025,0.0,0.0,0.0,3.9,24.4,10.4,Europe,6.7,988
Masaryk University,Czech Republic,cz,2025,0.0,0.0,6.6,11.3,29.8,22.0,Europe,11.74,454
Massachusetts Institute of Technology,United States,us,2025,73.0,84.4,57.4,73.6,56.9,73.9,North America,69.15,3
Massey University,New Zealand,nz,2025,0.0,0.0,0.0,5.3,23.8,15.2,Oceania,7.34,879
Maynooth University,Ireland,ie,2025,11.4,0.0,6.6,3.6,16.5,8.4,Europe,7.32,880
"Mayo Clinic College of Medicine and Science, Minnesota",United States,us,2025,0.0,0.0,37.2,16.1,47.8,26.4,North America,22.86,133
McGill University,Canada,ca,2025,28.8,0.0,25.5,28.8,57.2,26.0,North America,27.78,76
McMaster University,Canada,ca,2025,17.7,16.9,27.1,11.7,43.9,29.2,North America,24.61,113
Medical College of Wisconsin,United States,us,2025,0.0,0.0,6.6,9.1,28.1,11.7,North America,9.93,583
Medical University of Graz,Austria,at,2025,0.0,6.4,13.2,4.9,22.8,25.9,Europe,12.05,438
Medical University of Innsbruck,Austria,at,2025,0.0,0.0,14.7,6.5,21.8,25.5,Europe,11.15,498
Medical University of South Carolina,United States,us,2025,0.0,0.0,6.6,5.7,27.7,27.3,North America,10.73,527
Medical University of Vienna,Austria,at,2025,7.2,0.0,16.1,18.3,36.2,27.7,Europe,17.61,225
Memorial University of Newfoundland,Canada,ca,2025,0.0,0.0,9.3,4.1,21.9,13.3,North America,8.39,744
Michigan State University,United States,us,2025,7.2,0.0,14.7,22.9,48.7,18.2,North America,19.8,186
Michigan Technological University,United States,us,2025,7.2,0.0,0.0,7.1,15.6,16.8,North America,6.94,946
Mississippi State University,United States,us,2025,0.0,0.0,6.6,8.0,24.4,15.2,North America,9.32,645
Monash University,Australia,au,2025,0.0,0.0,30.9,27.3,65.4,30.0,Oceania,27.72,78
"Montana State University, Bozeman",United States,us,2025,0.0,0.0,0.0,12.9,17.8,16.2,North America,7.76,824
Moscow Institute of Physics and Technology,Russia,ru,2025,19.7,0.0,0.0,6.9,23.6,11.9,Europe,9.26,652
Moscow State University,Russia,ru,2025,37.1,28.5,0.0,11.2,44.9,25.4,Europe,23.17,127
Murdoch University,Australia,au,2025,0.0,0.0,11.4,6.9,21.6,23.4,Oceania,10.32,556
NOVA University Lisbon,Portugal,pt,2025,0.0,0.0,6.6,5.7,23.1,13.8,Portugal,8.46,733
NTNU - Norwegian University of Science and Technology,Norway,no,2025,11.4,19.1,11.4,13.1,43.5,19.1,Europe,20.47,178
Nagasaki University,Japan,jp,2025,10.2,0.0,0.0,4.6,21.9,11.3,Asia,7.45,861
Nagoya University,Japan,jp,2025,26.5,23.0,9.3,17.6,42.0,18.7,Asia,22.9,130
Nanchang University,China,cn,2025,0.0,0.0,13.2,5.5,48.9,13.1,Asia,14.83,308
Nanjing Agricultural University,China,cn,2025,0.0,0.0,21.8,9.1,41.0,17.7,Asia,16.15,262
Nanjing Forestry University,China,cn,2025,0.0,0.0,0.0,1.5,44.4,16.2,Asia,10.8,521
Nanjing Medical University,China,cn,2025,0.0,0.0,9.3,10.6,54.4,26.0,Asia,17.46,230
Nanjing Normal University,China,cn,2025,0.0,0.0,11.4,6.0,38.3,14.0,Asia,12.54,412
Nanjing Tech University,China,cn,2025,0.0,0.0,11.4,13.2,42.0,15.4,Asia,14.86,306
Nanjing University,China,cn,2025,0.0,0.0,29.4,29.6,67.7,26.4,Asia,27.98,75
Nanjing University of Aeronautics and Astronautics,China,cn,2025,0.0,0.0,14.7,5.7,48.7,17.1,Asia,15.53,281
Nanjing University of Chinese Medicine,China,cn,2025,0.0,0.0,6.6,6.9,34.8,16.1,Asia,11.27,489
Nanjing University of Finance & Economics,China,cn,2025,0.0,0.0,0.0,0.0,21.6,11.1,Asia,5.43,1000
Nanjing University of Information Science & Technology,China,cn,2025,0.0,0.0,17.4,7.0,42.1,15.1,Asia,14.81,309
Nanjing University of Posts and Telecommunications,China,cn,2025,0.0,0.0,17.4,3.1,38.6,14.7,Asia,13.29,376
Nanjing University of Science & Technology,China,cn,2025,0.0,0.0,18.6,6.5,48.0,17.0,Asia,16.32,260
Nankai University,China,cn,2025,0.0,0.0,28.7,15.3,52.3,19.9,Asia,21.25,163
Nantong University,China,cn,2025,0.0,0.0,0.0,3.9,37.0,12.9,Asia,9.47,633
Nanyang Technological University,Singapore,sg,2025,0.0,0.0,40.6,22.4,54.8,30.2,Asia,26.58,90
National Autonomous University of Mexico,Mexico,mx,2025,11.4,0.0,0.0,14.2,49.9,22.1,North America,16.17,261
National Central University,Taiwan,tw,2025,0.0,0.0,0.0,4.4,24.0,16.0,Asia,7.28,889
National Cheng Kung University,Taiwan,tw,2025,0.0,0.0,9.3,7.2,36.4,19.3,Asia,12.51,416
National Chung Hsing University,Taiwan,tw,2025,0.0,0.0,0.0,3.9,27.2,15.5,Asia,7.77,823
National Polytechnic Institute,Mexico,mx,2025,0.0,0.0,6.6,2.7,33.6,14.5,North America,10.03,578
National Sun Yat-Sen University,Taiwan,tw,2025,0.0,0.0,9.3,4.1,26.9,19.0,Asia,9.96,581
National Taiwan University,Taiwan,tw,2025,10.2,0.0,11.4,8.7,48.9,18.6,Asia,16.68,253
National Taiwan University of Science and Technology,Taiwan,tw,2025,0.0,0.0,6.6,1.5,23.8,17.6,Asia,8.14,772
National Tsing Hua University,Taiwan,tw,2025,11.4,0.0,6.6,7.5,29.9,18.5,Asia,11.79,452
National University of Colombia,Colombia,co,2025,0.0,0.0,0.0,6.9,26.0,11.3,South America,7.71,830
National University of Defense Technology,China,cn,2025,0.0,0.0,9.3,4.6,39.6,17.2,Asia,12.42,419
National University of Malaysia,Malaysia,my,2025,0.0,0.0,0.0,3.9,32.0,13.6,Asia,8.54,722
National University of Singapore,Singapore,sg,2025,0.0,0.0,43.6,30.1,64.5,35.1,Asia,31.15,56
National Yang Ming Chiao Tung University,Taiwan,tw,2025,0.0,0.0,6.6,7.2,40.1,20.2,Asia,12.8,403
National and Kapodistrian University of Athens,Greece,gr,2025,0.0,0.0,0.0,7.9,37.3,16.1,Europe,10.65,531
Naval Medical University,China,cn,2025,0.0,0.0,6.6,5.5,29.2,12.8,Asia,9.54,625
New Jersey Institute of Technology,United States,us,2025,0.0,0.0,6.6,6.9,16.7,17.0,North America,7.74,828
New York University,United States,us,2025,26.0,34.4,31.6,42.0,58.1,19.6,North America,37.78,28
New York University Abu Dhabi,United Arab Emirates,ae,2025,0.0,0.0,6.6,10.4,18.2,9.3,Asia,7.97,802
Newcastle University,United Kingdom,gb,2025,0.0,0.0,13.2,18.9,40.3,20.6,Europe,16.54,256
Nicolaus Copernicus University,Poland,pl,2025,0.0,0.0,0.0,6.0,22.6,9.7,Europe,6.69,992
Ningbo University,China,cn,2025,0.0,0.0,0.0,3.3,48.6,18.2,Asia,12.2,429
Ningxia University,China,cn,2025,0.0,0.0,0.0,2.5,26.3,9.9,Asia,6.75,979
North Carolina State University at Raleigh,United States,us,2025,0.0,0.0,16.1,15.4,38.5,17.6,North America,15.76,270
North China Electric Power University,China,cn,2025,0.0,0.0,0.0,4.6,39.0,14.4,Asia,10.16,569
North China University of Water Resources and Electric Power,China,cn,2025,0.0,0.0,6.6,3.6,22.7,8.8,Asia,7.46,859
North Dakota State University,United States,us,2025,0.0,0.0,6.6,0.0,20.0,16.4,North America,6.96,942
North University of China,China,cn,2025,0.0,0.0,0.0,1.5,30.1,10.7,Asia,7.39,870
North-West University,South Africa,za,2025,10.2,0.0,0.0,4.6,25.5,11.3,Africa,8.17,770
Northeast Agricultural University,China,cn,2025,0.0,0.0,14.7,2.1,30.5,14.3,Asia,10.89,515
Northeast Forestry University,China,cn,2025,0.0,0.0,6.6,2.1,32.2,14.1,Asia,9.59,620
Northeast Normal University,China,cn,2025,0.0,0.0,6.6,5.3,30.7,12.5,Asia,9.77,595
Northeastern University (Boston),United States,us,2025,0.0,0.0,17.4,17.9,32.4,17.4,North America,15.28,292
Northeastern University (Shenyang),China,cn,2025,0.0,0.0,9.3,7.2,54.8,17.1,Asia,15.97,264
Northern Arizona University,United States,us,2025,0.0,0.0,16.1,12.4,19.0,14.0,North America,10.9,513
Northumbria University,United Kingdom,gb,2025,0.0,0.0,0.0,7.1,28.6,12.7,Europe,8.41,741
Northwest A&F University,China,cn,2025,0.0,0.0,18.6,8.1,43.0,15.2,Asia,15.46,284
Northwest University,China,cn,2025,0.0,0.0,0.0,12.1,37.2,14.4,Asia,11.3,488
Northwestern Polytechnical University,China,cn,2025,0.0,0.0,34.8,9.2,59.9,22.1,Asia,22.99,128
Northwestern University,United States,us,2025,12.5,25.3,39.5,40.5,56.4,28.5,North America,36.44,31
Norwegian University of Life Sciences,Norway,no,2025,0.0,0.0,6.6,7.9,19.0,17.6,Europe,8.46,733
Nottingham Trent University,United Kingdom,gb,2025,0.0,0.0,6.6,2.1,23.1,16.5,Europe,8.01,796
Novosibirsk State University,Russia,ru,2025,12.5,0.0,0.0,2.9,21.8,10.0,Europe,7.19,897
Ocean University of China,China,cn,2025,0.0,0.0,9.3,10.0,44.9,16.6,Asia,14.5,324
"Ohio State University, Columbus",United States,us,2025,10.2,16.5,24.6,21.6,60.7,16.4,North America,27.34,83
Ohio University,United States,us,2025,12.5,0.0,0.0,9.2,18.2,12.1,North America,7.94,805
Okayama University,Japan,jp,2025,0.0,0.0,9.3,7.7,26.5,12.5,Asia,9.95,582
Okinawa Institute of Science and Technology Graduate University,Japan,jp,2025,0.0,20.2,6.6,12.9,14.0,12.0,Asia,11.94,442
Oklahoma State University,United States,us,2025,0.0,0.0,0.0,6.9,27.2,13.5,North America,8.17,770
Old Dominion University,United States,us,2025,0.0,0.0,6.6,6.7,19.7,14.1,North America,8.01,796
Orebro University,Sweden,se,2025,0.0,0.0,0.0,3.7,22.5,18.4,Europe,7.08,915
Oregon Health & Science University,United States,us,2025,0.0,0.0,16.1,17.1,34.0,17.8,North America,15.22,294
Oregon State University,United States,us,2025,7.2,0.0,13.2,19.8,31.6,22.1,North America,15.85,266
Osaka Metropolitan University,Japan,jp,2025,14.4,0.0,9.3,7.8,26.5,13.0,Asia,11.46,477
Osaka University,Japan,jp,2025,16.9,0.0,6.6,19.0,47.7,15.0,Asia,17.85,222
PSL University,France,fr,2025,49.4,44.1,11.4,25.9,50.5,49.0,Europe,36.22,34
Palacký University Olomouc,Czech Republic,cz,2025,0.0,0.0,0.0,7.6,23.4,20.8,Europe,8.28,757
Paris-East Créteil University,France,fr,2025,0.0,0.0,6.6,5.9,22.2,13.1,Europe,8.25,761
Paris-Saclay University,France,fr,2025,37.4,72.3,32.9,29.3,62.5,45.1,Europe,47.65,13
Paul Sabatier University (Toulouse 3),France,fr,2025,0.0,0.0,11.4,18.6,33.1,17.5,Europe,14.37,332
Peking Union Medical College,China,cn,2025,0.0,0.0,19.7,12.3,51.1,31.7,Asia,19.79,187
Peking University,China,cn,2025,10.2,0.0,47.4,48.8,88.8,32.1,Asia,41.23,23
"Pennsylvania State University, University Park",United States,us,2025,8.8,0.0,21.8,35.1,47.0,18.7,North America,23.53,122
Pohang University of Science and Technology,South Korea,kr,2025,0.0,0.0,9.3,17.1,27.6,31.8,Asia,13.98,343
Politecnico di Bari,Italy,it,2025,0.0,0.0,6.6,5.3,17.2,18.0,Europe,7.62,840
Polytechnic University of Catalonia,Spain,es,2025,0.0,0.0,0.0,4.4,27.5,17.1,Europe,8.09,780
Polytechnic University of Madrid,Spain,es,2025,0.0,0.0,0.0,7.3,30.4,14.4,Europe,8.98,674
Polytechnic University of Milan,Italy,it,2025,5.1,12.8,0.0,9.4,37.4,19.3,Europe,14.36,333
Polytechnic University of Turin,Italy,it,2025,0.0,0.0,0.0,4.6,31.3,18.5,Europe,9.03,671
Polytechnic University of Valencia,Spain,es,2025,0.0,0.0,13.2,9.3,31.0,14.9,Europe,12.19,430
Pompeu Fabra University,Spain,es,2025,0.0,0.0,6.6,18.5,26.8,31.3,Europe,13.51,368
Pontifical Catholic University of Chile,Chile,cl,2025,0.0,0.0,6.6,8.7,32.5,14.4,South America,11.0,506
Prince Sattam Bin Abdulaziz University,Saudi Arabia,sa,2025,0.0,0.0,0.0,0.0,36.1,15.2,Asia,8.74,703
Princess Nourah bint Abdulrahman University,Saudi Arabia,sa,2025,0.0,0.0,11.4,2.5,41.8,18.3,Asia,12.97,395
Princeton University,United States,us,2025,60.1,100.0,27.1,52.7,41.3,74.2,North America,57.65,7
Pukyong National University,South Korea,kr,2025,0.0,0.0,0.0,2.3,24.6,16.0,Asia,6.98,933
"Purdue University, West Lafayette",United States,us,2025,11.4,20.5,18.6,19.5,49.5,23.2,North America,25.08,107
Pusan National University,South Korea,kr,2025,0.0,0.0,6.6,8.4,36.4,16.3,Asia,11.91,444
Qassim University,Saudi Arabia,sa,2025,0.0,0.0,0.0,1.5,28.8,12.1,Asia,7.27,890
Qatar University,Qatar,qa,2025,0.0,0.0,11.4,3.3,27.9,12.8,Asia,9.8,593
Qilu University of Technology,China,cn,2025,0.0,0.0,6.6,1.5,32.0,11.4,Asia,9.16,659
Qingdao Agricultural University,China,cn,2025,0.0,0.0,6.6,2.9,23.2,9.2,Asia,7.46,859
Qingdao University,China,cn,2025,0.0,0.0,9.3,4.0,48.8,15.8,Asia,14.0,342
Qingdao University of Science & Technology,China,cn,2025,0.0,0.0,9.3,0.0,32.5,12.3,Asia,9.59,620
Queen Mary University of London,United Kingdom,gb,2025,15.3,0.0,13.2,18.7,40.7,22.8,Europe,18.33,214
Queen's University,Canada,ca,2025,12.5,19.1,11.4,9.3,33.4,23.2,North America,18.21,216
Queen's University Belfast,United Kingdom,gb,2025,16.1,0.0,11.4,10.7,32.3,19.5,Europe,14.44,329
Queensland University of Technology,Australia,au,2025,0.0,0.0,17.4,9.7,35.6,21.2,Oceania,14.66,316
RCSI University of Medicine and Health Sciences,Ireland,ie,2025,0.0,0.0,6.6,3.9,19.0,8.6,Europe,6.76,977
RMIT University,Australia,au,2025,0.0,0.0,16.1,6.8,36.0,21.5,Oceania,13.93,346
RWTH Aachen University,Germany,de,2025,0.0,0.0,13.2,20.1,43.1,35.6,Europe,18.84,205
Radboud University Nijmegen,Netherlands,nl,2025,15.3,0.0,22.8,23.3,47.0,27.5,Europe,22.9,130
Renmin University of China,China,cn,2025,0.0,0.0,9.3,0.0,36.8,15.9,Asia,10.81,519
Rensselaer Polytechnic Institute,United States,us,2025,11.4,0.0,6.6,8.9,16.8,20.1,North America,9.61,615
Rice University,United States,us,2025,18.4,19.5,21.8,22.3,28.5,31.4,North America,23.4,125
Rio de Janeiro State University,Brazil,br,2025,0.0,0.0,0.0,3.6,24.7,10.5,South America,6.71,985
Rockefeller University,United States,us,2025,15.3,56.4,26.3,45.2,14.8,74.5,North America,37.52,29
Roma Tre University,Italy,it,2025,0.0,0.0,0.0,5.7,22.6,14.0,Europe,7.06,919
"Royal Holloway, University of London",United Kingdom,gb,2025,0.0,0.0,0.0,9.7,21.2,16.8,Europe,7.86,815
Ruhr University Bochum,Germany,de,2025,0.0,0.0,14.7,11.1,36.0,29.5,Europe,15.31,290
Rush University,United States,us,2025,0.0,0.0,11.4,4.1,24.9,14.4,North America,9.52,631
"Rutgers University, Newark",United States,us,2025,0.0,0.0,0.0,8.8,18.9,14.4,North America,6.98,933
"Rutgers, The State University of New Jersey - New Brunswick",United States,us,2025,7.2,15.6,20.8,19.5,42.4,15.3,North America,21.91,153
SRM Institute of Science & Technology,India,in,2025,0.0,0.0,0.0,0.0,35.7,15.0,Asia,8.64,714
SUNY Downstate Health Sciences University,United States,us,2025,0.0,13.8,0.0,3.3,14.8,16.4,North America,8.02,794
Saarland University,Germany,de,2025,0.0,0.0,11.4,8.7,25.3,27.0,Europe,11.78,453
Saint Louis University (USA),United States,us,2025,0.0,9.0,9.3,4.0,20.9,14.8,North America,10.12,573
San Diego State University,United States,us,2025,0.0,0.0,9.3,6.5,25.0,16.0,North America,9.76,596
Sao Paulo State University,Brazil,br,2025,0.0,0.0,6.6,5.3,42.9,18.4,South America,12.8,403
Sapienza University of Rome,Italy,it,2025,14.4,22.1,6.6,14.1,51.7,19.6,Europe,22.3,144
Saveetha Institute of Medical and Technical Sciences (Deemed to be University),India,in,2025,0.0,0.0,0.0,0.0,40.1,16.9,Asia,9.71,601
Scuola Normale Superiore - Pisa,Italy,it,2025,15.3,0.0,0.0,7.5,16.6,20.0,Europe,8.35,748
Sejong University,South Korea,kr,2025,0.0,0.0,13.2,4.4,30.3,22.6,Asia,11.84,451
Semmelweis University,Hungary,hu,2025,0.0,0.0,9.3,6.7,24.4,11.4,Europe,9.22,653
Seoul National University,South Korea,kr,2025,15.3,0.0,23.7,25.3,67.6,25.8,Asia,27.43,82
Shaanxi Normal University,China,cn,2025,0.0,0.0,9.3,3.9,33.1,12.4,Asia,10.5,542
Shaanxi University of Science & Technology,China,cn,2025,0.0,0.0,0.0,0.0,29.2,13.2,Asia,7.16,901
Shahid Beheshti University of Medical Sciences,Iran,ir,2025,0.0,0.0,0.0,4.1,29.5,12.5,Asia,7.97,802
Shandong Agricultural University,China,cn,2025,0.0,0.0,14.7,6.9,24.9,11.9,Asia,10.49,543
Shandong First Medical University,China,cn,2025,0.0,0.0,0.0,3.3,38.2,13.7,Asia,9.67,608
Shandong Normal University,China,cn,2025,0.0,0.0,0.0,2.1,30.4,11.2,Asia,7.62,840
Shandong University,China,cn,2025,0.0,0.0,21.8,16.0,77.0,19.0,Asia,24.86,110
Shandong University of Science and Technology,China,cn,2025,0.0,0.0,6.6,2.1,37.3,13.2,Asia,10.52,540
Shandong University of Technology,China,cn,2025,0.0,0.0,0.0,0.0,29.5,10.7,Asia,6.97,938
Shanghai Jiao Tong University,China,cn,2025,0.0,0.0,37.8,33.1,97.8,28.3,Asia,36.57,30
Shanghai Normal University,China,cn,2025,0.0,0.0,6.6,7.5,25.7,10.2,Asia,8.98,674
Shanghai Ocean University,China,cn,2025,0.0,0.0,6.6,2.1,27.8,16.6,Asia,8.96,679
Shanghai University,China,cn,2025,0.0,0.0,14.7,9.8,51.5,15.2,Asia,16.72,251
Shanghai University of Finance and Economics,China,cn,2025,0.0,0.0,0.0,0.0,23.0,13.9,Asia,5.99,996
Shanghai University of Traditional Chinese Medicine,China,cn,2025,0.0,0.0,0.0,1.5,29.4,17.7,Asia,7.95,804
ShanghaiTech University,China,cn,2025,0.0,0.0,6.6,23.0,29.2,27.3,Asia,14.49,325
Shantou University,China,cn,2025,0.0,0.0,0.0,4.9,29.9,13.6,Asia,8.32,750
Shanxi Medical University,China,cn,2025,0.0,0.0,0.0,1.5,31.3,16.6,Asia,8.22,767
Shanxi University,China,cn,2025,0.0,0.0,6.6,9.4,32.0,11.7,Asia,10.77,522
Sharif University of Technology,Iran,ir,2025,14.4,0.0,0.0,2.1,24.1,11.0,Asia,7.78,822
Shenyang Pharmaceutical University,China,cn,2025,0.0,0.0,9.3,1.5,20.7,13.5,Asia,7.65,837
Shenzhen University,China,cn,2025,0.0,0.0,16.1,10.1,58.6,18.9,Asia,18.85,204
Shihezi University,China,cn,2025,0.0,0.0,0.0,0.0,28.5,11.0,Asia,6.8,969
Shinshu University,Japan,jp,2025,0.0,0.0,6.6,6.7,21.1,11.9,Asia,8.07,787
Sichuan Agricultural University,China,cn,2025,0.0,0.0,0.0,2.5,31.6,10.6,Asia,7.88,810
Sichuan University,China,cn,2025,0.0,0.0,22.8,17.0,82.9,23.1,Asia,26.85,87
Simon Fraser University,Canada,ca,2025,0.0,0.0,6.6,15.1,30.6,17.1,North America,12.17,431
Skolkovo Institute of Science and Technology,Russia,ru,2025,0.0,0.0,9.3,8.1,15.8,8.4,Europe,7.48,858
Soochow University (China),China,cn,2025,0.0,0.0,31.6,12.9,59.9,19.0,Asia,22.78,134
Sorbonne University,France,fr,2025,38.7,22.9,20.8,30.5,59.2,27.3,Europe,33.28,43
South China Agricultural University,China,cn,2025,0.0,0.0,14.7,6.0,38.9,13.5,Asia,13.27,378
South China Normal University,China,cn,2025,0.0,0.0,6.6,6.4,37.6,12.7,Asia,11.39,481
South China University of Technology,China,cn,2025,0.0,0.0,30.2,11.0,62.4,22.4,Asia,22.96,129
Southeast University,China,cn,2025,0.0,0.0,29.4,10.4,74.5,22.9,Asia,25.15,105
Southern Medical University,China,cn,2025,0.0,0.0,9.3,3.6,51.2,25.6,Asia,15.38,288
Southern Methodist University,United States,us,2025,10.2,0.0,6.6,5.6,17.8,16.5,North America,8.67,708
Southern University of Science and Technology,China,cn,2025,0.0,0.0,26.3,27.9,50.5,37.9,Asia,24.73,111
Southwest Jiaotong University,China,cn,2025,0.0,0.0,6.6,5.5,49.8,15.9,Asia,13.97,345
Southwest Medical University,China,cn,2025,0.0,0.0,0.0,2.1,26.8,11.4,Asia,6.92,951
Southwest Petroleum University,China,cn,2025,0.0,0.0,6.6,2.5,32.2,12.1,Asia,9.47,633
Southwest University,China,cn,2025,0.0,0.0,6.6,2.5,45.5,13.1,Asia,12.23,426
Southwest University of Science and Technology,China,cn,2025,0.0,0.0,0.0,1.5,28.0,10.4,Asia,6.94,946
Southwestern University of Finance and Economics,China,cn,2025,0.0,0.0,0.0,0.0,27.9,13.7,Asia,6.95,944
St Petersburg University,Russia,ru,2025,25.5,0.0,0.0,7.9,30.2,15.2,Europe,11.69,455
Stanford University,United States,us,2025,44.4,86.3,75.6,88.3,71.5,57.4,North America,74.52,2
Stellenbosch University,South Africa,za,2025,0.0,0.0,6.6,12.3,32.9,15.1,Africa,11.87,448
Stockholm School of Economics,Sweden,se,2025,0.0,14.3,0.0,0.0,11.1,19.3,Europe,7.01,930
Stockholm University,Sweden,se,2025,20.4,22.1,14.7,27.3,39.6,25.9,Europe,25.37,100
Stony Brook University,United States,us,2025,0.0,0.0,14.7,15.2,33.6,15.7,North America,14.27,334
Sun Yat-sen University,China,cn,2025,0.0,0.0,27.9,20.4,87.6,25.4,Asia,29.72,65
Sungkyunkwan University,South Korea,kr,2025,0.0,0.0,20.8,17.0,49.9,23.6,Asia,19.9,185
Suzhou University of Science and Technology,China,cn,2025,0.0,0.0,9.3,0.0,28.4,11.9,Asia,8.73,705
Swansea University,United Kingdom,gb,2025,0.0,0.0,0.0,7.5,26.2,18.8,Europe,8.62,715
Swedish University of Agricultural Sciences,Sweden,se,2025,0.0,0.0,9.3,9.6,27.9,26.9,Europe,12.05,438
Swinburne University of Technology,Australia,au,2025,0.0,0.0,21.8,13.9,28.4,30.0,Oceania,15.82,267
Swiss Federal Institute of Technology Lausanne,Switzerland,ch,2025,0.0,28.5,27.1,44.2,39.0,52.7,Europe,33.03,44
Syracuse University,United States,us,2025,0.0,0.0,0.0,9.5,24.1,12.2,North America,7.94,805
Taif University,Saudi Arabia,sa,2025,0.0,0.0,6.6,1.5,32.6,14.0,Asia,9.54,625
Taipei Medical University,Taiwan,tw,2025,0.0,0.0,0.0,3.3,27.5,17.2,Asia,7.88,810
Taiyuan University of Science and Technology,China,cn,2025,0.0,0.0,9.3,1.5,20.4,9.6,Asia,7.2,894
Taiyuan University of Technology,China,cn,2025,0.0,0.0,0.0,1.5,39.4,12.6,Asia,9.44,639
Tampere University,Finland,fi,2025,0.0,0.0,6.6,7.2,32.3,14.2,Europe,10.64,533
Tarbiat Modares University,Iran,ir,2025,0.0,0.0,6.6,2.5,28.1,12.2,Asia,8.66,710
Technical University Darmstadt,Germany,de,2025,12.5,0.0,6.6,10.9,26.8,27.6,Europe,12.87,400
Technical University of Berlin,Germany,de,2025,12.5,0.0,11.4,15.9,29.5,30.2,Europe,15.63,277
Technical University of Braunschweig,Germany,de,2025,11.4,0.0,0.0,6.3,20.9,21.9,Europe,8.77,699
Technical University of Denmark,Denmark,dk,2025,13.5,9.0,21.8,19.0,38.0,20.8,Europe,20.99,170
Technical University of Dortmund,Germany,de,2025,0.0,0.0,0.0,8.1,24.4,23.2,Europe,8.82,693
Technical University of Munich,Germany,de,2025,33.4,16.9,25.5,28.7,52.8,46.4,Europe,32.76,45
Technion-Israel Institute of Technology,Israel,il,2025,21.6,34.2,11.4,20.4,33.1,37.9,Asia,25.77,97
Tehran University of Medical Sciences,Iran,ir,2025,0.0,0.0,9.3,4.4,36.4,15.9,Asia,11.61,462
Tel Aviv University,Israel,il,2025,0.0,0.0,11.4,21.9,47.9,26.9,Asia,18.93,202
Temple University,United States,us,2025,0.0,0.0,14.7,9.8,30.1,12.4,North America,12.16,432
Texas A&M University,United States,us,2025,0.0,0.0,13.2,22.9,48.2,20.1,North America,18.87,203
Texas Tech University,United States,us,2025,0.0,0.0,6.6,8.3,32.5,15.7,North America,11.05,504
The Australian National University,Australia,au,2025,12.5,17.1,21.8,24.3,42.3,28.4,Oceania,25.19,104
The Catholic University of Korea,South Korea,kr,2025,0.0,0.0,0.0,2.5,29.9,13.7,Asia,7.85,818
The Chinese University of Hong Kong,Hong Kong,hk,2025,0.0,12.8,25.5,11.2,57.2,25.7,Asia,23.91,121
"The Chinese University of Hong Kong, Shenzhen",China,cn,2025,0.0,0.0,13.2,8.7,25.8,20.1,Asia,11.55,468
The City College of New York,United States,us,2025,26.5,0.0,9.3,6.9,12.4,18.6,North America,10.23,563
The Education University of Hong Kong,Hong Kong,hk,2025,0.0,0.0,6.6,0.0,23.9,16.6,Asia,7.76,824
"The Graduate University for Advanced Studies, SOKENDAI",Japan,jp,2025,0.0,0.0,0.0,13.0,19.3,9.8,Asia,7.44,862
The Hebrew University of Jerusalem,Israel,il,2025,29.3,25.5,13.2,24.3,40.6,29.7,Asia,26.62,88
The Hong Kong Polytechnic University,Hong Kong,hk,2025,0.0,0.0,24.6,12.5,62.0,21.1,Asia,21.93,152
The Hong Kong University of Science and Technology,Hong Kong,hk,2025,0.0,0.0,19.7,12.5,42.9,23.0,Asia,17.32,235
The Islamia University of Bahawalpur,Pakistan,pk,2025,0.0,0.0,6.6,0.0,23.7,10.4,Asia,7.1,910
The London School of Economics and Political Science,United Kingdom,gb,2025,29.3,14.7,11.4,0.0,29.9,30.0,Europe,17.13,239
The Open University,United Kingdom,gb,2025,0.0,0.0,0.0,8.3,20.4,11.0,Europe,6.84,963
The Royal Veterinary College,United Kingdom,gb,2025,0.0,0.0,6.6,9.4,12.9,16.2,Europe,7.4,866
The University of Adelaide,Australia,au,2025,12.5,0.0,30.9,14.2,42.4,31.6,Oceania,21.91,153
"The University of Alabama, Tuscaloosa",United States,us,2025,0.0,0.0,0.0,6.1,30.1,14.1,North America,8.65,711
The University of Auckland,New Zealand,nz,2025,12.5,0.0,17.4,9.8,40.6,22.7,Oceania,17.08,240
The University of Calgary,Canada,ca,2025,0.0,0.0,24.6,15.3,46.1,20.8,North America,19.28,196
The University of Edinburgh,United Kingdom,gb,2025,27.9,22.1,38.9,31.4,53.3,27.1,Europe,34.64,37
The University of Georgia,United States,us,2025,0.0,0.0,9.3,13.6,40.7,17.5,North America,14.47,328
The University of Hong Kong,Hong Kong,hk,2025,0.0,0.0,48.3,28.4,56.3,29.6,Asia,29.56,67
The University of Manchester,United Kingdom,gb,2025,19.7,28.5,22.8,31.7,55.9,28.0,Europe,32.55,47
The University of Melbourne,Australia,au,2025,14.4,11.1,41.1,27.1,70.3,30.5,Oceania,34.41,38
"The University of New Mexico, Albuquerque",United States,us,2025,0.0,0.0,0.0,13.5,30.7,13.4,North America,10.18,566
The University of New South Wales,Australia,au,2025,0.0,0.0,36.6,25.3,61.3,29.4,Oceania,27.58,80
"The University of Newcastle, Australia",Australia,au,2025,0.0,0.0,13.2,5.5,31.8,24.9,Oceania,12.59,408
The University of Queensland,Australia,au,2025,11.4,0.0,41.1,23.9,61.3,33.0,Oceania,29.7,66
The University of Reading,United Kingdom,gb,2025,0.0,0.0,9.3,9.6,27.0,20.1,Europe,11.19,495
The University of Sheffield,United Kingdom,gb,2025,16.1,11.1,14.7,18.4,42.3,22.8,Europe,21.19,166
"The University of Tennessee, Knoxville",United States,us,2025,8.8,0.0,11.4,13.0,37.4,18.4,North America,15.08,298
The University of Texas Health Science Center at Houston,United States,us,2025,0.0,13.8,11.4,13.8,31.7,14.4,North America,15.58,279
The University of Texas Health Science Center at San Antonio,United States,us,2025,0.0,0.0,11.4,11.7,23.5,16.4,North America,10.96,507
The University of Texas MD Anderson Cancer Center,United States,us,2025,0.0,13.5,36.0,22.9,36.2,54.2,North America,27.14,86
The University of Texas Medical Branch at Galveston,United States,us,2025,0.0,0.0,9.3,14.2,21.7,17.3,North America,10.77,522
The University of Texas at Arlington,United States,us,2025,0.0,0.0,6.6,4.9,23.4,13.1,North America,8.29,754
The University of Texas at Austin,United States,us,2025,22.8,21.2,31.6,30.7,53.4,27.9,North America,32.45,49
The University of Texas at Dallas,United States,us,2025,12.5,0.0,6.6,11.8,26.2,21.5,North America,12.32,423
The University of Texas at El Paso,United States,us,2025,0.0,0.0,6.6,6.9,16.7,14.5,North America,7.49,857
The University of Texas at San Antonio,United States,us,2025,0.0,0.0,6.6,5.3,23.7,13.2,North America,8.44,739
The University of Tokyo,Japan,jp,2025,35.7,23.0,16.1,46.2,67.0,23.2,Asia,36.35,32
The University of Waikato,New Zealand,nz,2025,0.0,0.0,6.6,5.5,18.9,18.2,Oceania,8.02,794
The University of Warwick,United Kingdom,gb,2025,18.4,27.1,9.3,20.1,40.9,26.5,Europe,23.97,120
The University of Western Australia,Australia,au,2025,19.1,12.8,19.7,13.3,45.5,31.2,Oceania,23.29,126
Thomas Jefferson University,United States,us,2025,0.0,0.0,0.0,5.7,26.9,25.9,North America,9.11,664
Tiangong University,China,cn,2025,0.0,0.0,6.6,0.0,27.9,11.7,Asia,8.07,787
Tianjin Medical University,China,cn,2025,0.0,0.0,0.0,5.3,36.8,23.4,Asia,10.76,525
Tianjin University,China,cn,2025,0.0,0.0,32.9,13.0,67.5,23.0,Asia,24.98,109
Tianjin University of Technology,China,cn,2025,0.0,0.0,9.3,3.6,25.0,11.2,Asia,8.7,707
Tilburg University,Netherlands,nl,2025,0.0,0.0,0.0,0.0,25.6,16.1,Europe,6.73,982
Tohoku University,Japan,jp,2025,13.5,0.0,9.3,16.6,47.4,15.0,Asia,17.51,226
Tokushima University,Japan,jp,2025,12.5,0.0,0.0,5.5,17.0,10.6,Asia,6.81,967
Tokyo University of Agriculture and Technology,Japan,jp,2025,0.0,0.0,0.0,7.2,18.3,16.0,Asia,6.7,988
Tokyo University of Science,Japan,jp,2025,11.4,0.0,0.0,5.8,21.7,10.0,Asia,7.64,838
Tongji University,China,cn,2025,0.0,0.0,14.7,11.7,73.1,22.1,Asia,22.11,146
Toulouse Capitole University,France,fr,2025,0.0,27.1,0.0,0.0,10.7,29.7,Europe,10.53,539
Trinity College Dublin,Ireland,ie,2025,12.5,11.1,16.1,14.5,33.4,17.8,Europe,18.05,218
Tsinghua University,China,cn,2025,8.8,0.0,63.5,49.5,88.1,35.4,Asia,44.64,18
Tufts University,United States,us,2025,16.9,14.3,14.7,11.7,31.3,23.1,North America,18.4,211
Tulane University,United States,us,2025,0.0,0.0,6.6,10.1,27.2,13.9,North America,10.17,568
UiT The Arctic University of Norway,Norway,no,2025,0.0,0.0,6.6,9.1,26.2,15.2,Europe,9.9,584
Ulsan National Institute of Science and Technology,South Korea,kr,2025,0.0,0.0,17.4,18.2,22.8,31.0,Asia,14.78,310
Ulster University,United Kingdom,gb,2025,0.0,0.0,6.6,5.7,18.4,12.5,Europe,7.39,870
Umea University,Sweden,se,2025,0.0,0.0,6.6,11.1,30.9,16.2,Europe,11.34,486
Umm Al-Qura University,Saudi Arabia,sa,2025,0.0,0.0,0.0,0.0,28.9,12.2,Asia,7.0,931
United Arab Emirates University,United Arab Emirates,ae,2025,0.0,0.0,0.0,6.0,28.3,12.2,Asia,8.08,784
University College Cork,Ireland,ie,2025,0.0,0.0,23.7,10.3,26.4,15.6,Europe,13.64,359
University College Dublin,Ireland,ie,2025,0.0,0.0,13.2,12.5,37.9,17.7,Europe,14.49,325
University College London,United Kingdom,gb,2025,30.6,30.8,51.4,44.5,76.5,34.1,Europe,47.11,14
University Putra Malaysia,Malaysia,my,2025,0.0,0.0,0.0,3.9,28.1,11.9,Asia,7.59,843
University Rovira i Virgili,Spain,es,2025,0.0,0.0,9.3,5.2,22.1,23.1,Europe,9.63,614
University Savoie Mont Blanc,France,fr,2025,0.0,0.0,0.0,6.0,21.3,18.4,Europe,7.3,884
University at Albany,United States,us,2025,0.0,0.0,6.6,5.4,22.7,16.6,North America,8.6,718
"University at Buffalo, the State University of New York",United States,us,2025,0.0,0.0,0.0,11.4,34.9,14.3,North America,10.69,529
University of Aberdeen,United Kingdom,gb,2025,0.0,11.1,19.7,9.4,27.0,22.9,Europe,15.73,271
University of Alabama at Birmingham,United States,us,2025,0.0,0.0,6.6,11.6,40.0,13.6,North America,13.0,394
University of Alaska Fairbanks,United States,us,2025,0.0,0.0,0.0,11.6,15.3,18.1,North America,7.19,897
University of Alberta,Canada,ca,2025,10.2,15.6,20.8,18.2,53.4,26.3,North America,25.25,103
University of Alcala,Spain,es,2025,0.0,0.0,0.0,8.2,25.3,16.9,Europe,8.39,744
University of Alicante,Spain,es,2025,0.0,0.0,6.6,7.7,24.6,14.4,Europe,9.22,653
University of Amsterdam,Netherlands,nl,2025,0.0,0.0,28.7,23.2,51.4,22.3,Europe,22.89,132
University of Antioquia,Colombia,co,2025,0.0,0.0,6.6,5.9,21.0,9.6,South America,7.66,835
University of Antwerp,Belgium,be,2025,0.0,0.0,13.2,12.1,35.2,28.6,Europe,14.96,303
University of Arizona,United States,us,2025,13.5,0.0,11.4,26.8,46.3,20.6,North America,20.31,181
University of Arkansas at Fayetteville,United States,us,2025,0.0,0.0,9.3,10.2,26.3,14.8,North America,10.64,533
University of Arkansas for Medical Sciences,United States,us,2025,0.0,0.0,0.0,4.1,21.1,20.2,North America,7.06,919
University of Augsburg,Germany,de,2025,0.0,0.0,9.3,6.3,19.3,21.0,Europe,9.08,669
University of Aveiro,Portugal,pt,2025,0.0,0.0,13.2,3.7,29.2,22.4,Portugal,11.46,477
University of Barcelona,Spain,es,2025,0.0,0.0,18.6,15.2,49.2,27.4,Europe,19.34,195
University of Bari,Italy,it,2025,0.0,0.0,11.4,7.2,33.2,18.7,Europe,12.23,426
University of Basel,Switzerland,ch,2025,21.0,13.8,18.6,28.6,39.2,38.5,Europe,25.99,94
University of Bath,United Kingdom,gb,2025,0.0,0.0,6.6,9.9,31.1,19.8,Europe,11.5,471
University of Bayreuth,Germany,de,2025,0.0,0.0,6.6,15.4,21.4,25.6,Europe,11.24,492
University of Beira Interior,Portugal,pt,2025,0.0,0.0,6.6,3.3,15.9,15.5,Portugal,6.71,985
University of Belgrade,Serbia,rs,2025,0.0,0.0,6.6,5.5,41.6,17.9,Europe,12.53,413
University of Bergen,Norway,no,2025,13.5,0.0,6.6,17.6,35.7,21.2,Europe,15.45,285
University of Bern,Switzerland,ch,2025,11.4,0.0,17.4,23.9,45.6,32.7,Europe,21.79,156
University of Birmingham,United Kingdom,gb,2025,16.1,6.4,14.7,19.8,47.5,22.5,Europe,21.54,160
University of Bologna,Italy,it,2025,0.0,0.0,14.7,12.7,53.2,19.0,Europe,18.02,220
University of Bonn,Germany,de,2025,29.7,32.3,17.4,20.4,40.7,40.4,Europe,29.17,69
University of Bordeaux,France,fr,2025,12.5,0.0,6.6,20.0,36.6,18.1,Europe,15.7,273
University of Brasília,Brazil,br,2025,0.0,0.0,0.0,6.5,29.4,12.7,South America,8.45,736
University of Bremen,Germany,de,2025,0.0,0.0,0.0,15.3,26.1,28.0,Europe,11.08,503
University of Bristol,United Kingdom,gb,2025,5.1,12.8,27.9,27.3,44.4,26.6,Europe,25.65,98
University of British Columbia,Canada,ca,2025,13.5,16.9,30.9,29.1,61.9,22.8,North America,31.39,53
University of Buenos Aires,Argentina,ar,2025,11.4,20.2,6.6,7.8,31.1,16.5,South America,15.93,265
University of Burgundy Europe,France,fr,2025,0.0,0.0,6.6,7.9,23.4,14.0,Europe,8.98,674
University of Cadiz,Spain,es,2025,0.0,0.0,0.0,5.5,21.1,13.8,Europe,6.7,988
University of Cagliari,Italy,it,2025,0.0,0.0,0.0,4.4,25.6,16.2,Europe,7.62,840
University of Calabria,Italy,it,2025,0.0,0.0,6.6,3.9,22.9,16.1,Europe,8.29,754
University of Calcutta,India,in,2025,16.9,0.0,0.0,2.5,18.2,9.2,Asia,6.75,979
"University of California, Berkeley",United States,us,2025,66.6,74.9,47.0,64.0,54.1,53.5,North America,60.01,5
"University of California, Davis",United States,us,2025,12.5,0.0,19.7,25.4,51.1,20.0,North America,22.49,137
"University of California, Irvine",United States,us,2025,14.4,26.3,20.8,26.8,45.3,23.3,North America,27.61,79
"University of California, Los Angeles",United States,us,2025,29.3,44.1,43.1,52.9,64.2,28.0,North America,46.59,16
"University of California, Merced",United States,us,2025,0.0,0.0,11.4,11.1,17.6,22.3,North America,10.25,561
"University of California, Riverside",United States,us,2025,11.4,0.0,17.4,22.1,31.7,24.3,North America,17.81,224
"University of California, San Diego",United States,us,2025,17.7,31.7,49.2,55.8,58.6,31.4,North America,43.97,20
"University of California, San Francisco",United States,us,2025,0.0,41.0,46.5,57.2,57.5,29.6,North America,43.4,21
"University of California, Santa Barbara",United States,us,2025,13.5,35.2,16.1,36.9,32.9,34.8,North America,29.05,70
"University of California, Santa Cruz",United States,us,2025,0.0,0.0,30.9,28.2,28.1,33.0,North America,20.74,173
University of Cambridge,United Kingdom,gb,2025,80.4,89.0,44.6,63.5,66.1,59.4,Europe,66.62,4
University of Campania Luigi Vanvitelli,Italy,it,2025,0.0,0.0,9.3,2.9,27.5,18.2,Europe,9.76,596
University of Campinas,Brazil,br,2025,0.0,0.0,0.0,9.4,39.2,17.0,South America,11.42,480
University of Cantabria,Spain,es,2025,0.0,0.0,6.6,5.3,20.0,16.7,Europe,8.05,790
University of Canterbury,New Zealand,nz,2025,0.0,0.0,14.7,10.2,23.3,22.6,Oceania,11.9,445
University of Cape Town,South Africa,za,2025,16.1,0.0,14.7,13.9,36.7,18.3,Africa,16.5,258
University of Castilla-La Mancha,Spain,es,2025,0.0,0.0,0.0,2.5,25.6,12.9,Europe,6.91,954
University of Catania,Italy,it,2025,0.0,0.0,13.2,3.9,29.8,17.7,Europe,11.15,498
University of Central Florida,United States,us,2025,0.0,0.0,13.2,11.0,30.5,18.0,North America,12.74,405
University of Central Lancashire,United Kingdom,gb,2025,0.0,0.0,9.3,5.1,14.9,8.9,Europe,6.75,979
University of Chicago,United States,us,2025,60.1,84.3,30.2,44.2,52.8,43.0,North America,52.61,10
University of Chieti-Pescara,Italy,it,2025,0.0,0.0,6.6,2.3,19.6,14.4,Europe,7.14,902
University of Chile,Chile,cl,2025,5.1,0.0,0.0,8.6,32.5,14.2,South America,10.15,571
University of Cincinnati,United States,us,2025,0.0,0.0,6.6,14.5,39.2,14.8,North America,13.54,364
University of Clermont Auvergne,France,fr,2025,0.0,0.0,0.0,8.4,27.4,14.1,Europe,8.57,720
University of Coimbra,Portugal,pt,2025,0.0,0.0,0.0,10.3,34.3,18.5,Portugal,10.77,522
University of Cologne,Germany,de,2025,0.0,9.0,16.1,22.7,38.6,31.8,Europe,20.46,179
University of Colorado Boulder,United States,us,2025,11.4,30.7,20.8,34.9,41.9,31.8,North America,29.98,63
University of Colorado at Denver,United States,us,2025,0.0,0.0,16.1,22.4,45.6,15.4,North America,18.36,212
University of Connecticut,United States,us,2025,10.2,0.0,11.4,17.6,36.6,15.4,North America,15.68,274
University of Copenhagen,Denmark,dk,2025,18.4,20.2,29.4,40.4,63.7,35.6,Europe,36.14,35
University of Cordoba,Spain,es,2025,0.0,0.0,0.0,2.9,23.8,15.5,Europe,6.89,956
University of Crete,Greece,gr,2025,0.0,0.0,6.6,5.7,20.1,9.2,Europe,7.4,866
University of Cyprus,Cyprus,cy,2025,0.0,0.0,6.6,3.3,19.1,17.7,Europe,7.57,844
University of Côte d'Azur,France,fr,2025,0.0,0.0,6.6,17.4,30.2,18.5,Europe,12.69,406
University of Delaware,United States,us,2025,8.8,14.7,11.4,9.4,29.5,17.5,North America,15.63,277
University of Delhi,India,in,2025,0.0,0.0,6.6,2.9,29.2,12.7,Asia,9.01,673
University of Duisburg-Essen,Germany,de,2025,0.0,0.0,17.4,11.3,31.2,27.2,Europe,14.7,312
University of Dundee,United Kingdom,gb,2025,0.0,0.0,17.4,13.3,22.3,23.6,Europe,12.96,396
University of East Anglia,United Kingdom,gb,2025,21.6,0.0,11.4,13.9,25.7,23.8,Europe,14.74,311
University of Eastern Finland,Finland,fi,2025,0.0,0.0,0.0,8.7,29.6,13.0,Europe,8.96,679
University of Eastern Piedmont,Italy,it,2025,0.0,0.0,0.0,4.1,20.8,19.7,Europe,6.95,944
University of Electronic Science and Technology of China,China,cn,2025,0.0,0.0,25.5,14.0,57.6,19.1,Asia,21.33,162
University of Erlangen-Nuremberg,Germany,de,2025,0.0,0.0,13.2,19.0,38.4,29.4,Europe,17.06,242
University of Essex,United Kingdom,gb,2025,17.7,0.0,11.4,5.3,24.0,17.4,Europe,11.65,460
University of Exeter,United Kingdom,gb,2025,0.0,0.0,28.7,24.0,40.6,25.3,Europe,21.19,166
University of Extremadura,Spain,es,2025,0.0,0.0,9.3,4.0,21.9,14.1,Europe,8.45,736
University of Ferrara,Italy,it,2025,0.0,0.0,6.6,4.9,26.4,20.3,Europe,9.61,615
University of Florence,Italy,it,2025,0.0,0.0,9.3,12.8,40.9,20.3,Europe,14.63,319
University of Florida,United States,us,2025,15.3,0.0,11.4,19.9,59.3,21.0,North America,21.75,158
University of Freiburg,Germany,de,2025,20.4,14.3,18.6,21.5,38.0,39.6,Europe,24.48,115
University of Fribourg,Switzerland,ch,2025,0.0,0.0,11.4,9.3,20.9,18.8,Europe,10.2,565
University of Galway,Ireland,ie,2025,0.0,0.0,11.4,7.9,25.2,12.1,Europe,10.11,574
University of Geneva,Switzerland,ch,2025,36.8,36.5,13.2,27.1,41.0,36.8,Europe,30.92,58
University of Genoa,Italy,it,2025,0.0,0.0,14.7,5.6,35.7,20.6,Europe,13.26,380
University of Ghana,Ghana,gh,2025,0.0,0.0,0.0,6.5,23.0,10.1,Africa,6.91,954
University of Giessen,Germany,de,2025,0.0,0.0,6.6,6.2,26.8,24.2,Europe,10.34,554
University of Girona,Spain,es,2025,0.0,0.0,0.0,3.6,21.9,20.9,Europe,7.19,897
University of Glasgow,United Kingdom,gb,2025,14.4,0.0,26.3,21.5,45.0,24.0,Europe,22.4,140
University of Goettingen,Germany,de,2025,28.8,0.0,16.1,26.7,33.2,35.9,Europe,21.67,159
University of Gothenburg,Sweden,se,2025,0.0,13.8,23.7,17.5,43.7,22.5,Europe,21.99,149
University of Granada,Spain,es,2025,0.0,0.0,11.4,7.9,40.4,14.9,Europe,13.43,370
University of Graz,Austria,at,2025,12.5,0.0,0.0,10.4,20.9,21.0,Europe,9.61,615
University of Greenwich,United Kingdom,gb,2025,16.1,0.0,6.6,3.9,16.9,11.9,Europe,8.28,757
University of Groningen,Netherlands,nl,2025,12.5,22.1,22.8,22.9,53.2,26.6,Europe,28.11,74
University of Guelph,Canada,ca,2025,0.0,0.0,6.6,5.2,29.0,17.2,North America,9.88,587
University of Haifa,Israel,il,2025,0.0,0.0,0.0,9.5,28.9,20.2,Asia,9.7,602
University of Halle-Wittenberg,Germany,de,2025,0.0,0.0,0.0,13.7,24.4,24.3,Europe,10.05,577
University of Hamburg,Germany,de,2025,13.5,0.0,9.3,21.8,37.8,28.0,Europe,17.93,221
University of Hawaii at Manoa,United States,us,2025,0.0,0.0,13.2,15.4,32.1,20.1,North America,14.15,336
University of Health Sciences Turkey,Turkey,tr,2025,0.0,0.0,0.0,1.5,36.0,15.2,Europe,9.02,672
University of Helsinki,Finland,fi,2025,15.3,15.6,17.4,24.3,51.8,26.4,Europe,25.99,94
University of Hertfordshire,United Kingdom,gb,2025,0.0,0.0,6.6,7.0,18.6,10.6,Europe,7.5,854
University of Hohenheim,Germany,de,2025,0.0,0.0,0.0,7.6,18.5,18.8,Europe,7.1,910
University of Houston,United States,us,2025,0.0,0.0,16.1,12.9,36.8,21.3,North America,15.29,291
University of Hull,United Kingdom,gb,2025,13.5,0.0,0.0,3.6,17.6,17.0,Europe,7.29,887
University of Iceland,Iceland,is,2025,0.0,0.0,6.6,12.5,21.8,10.9,Europe,9.27,650
University of Illinois Chicago,United States,us,2025,0.0,0.0,0.0,11.9,40.0,15.1,North America,11.89,447
"University of Illinois Urbana, Champaign",United States,us,2025,25.0,32.3,17.4,31.4,50.5,25.1,North America,31.33,54
University of Innsbruck,Austria,at,2025,0.0,6.4,13.2,19.2,27.1,28.2,Europe,16.0,263
University of International Business and Economics,China,cn,2025,0.0,0.0,0.0,0.0,22.0,12.8,Asia,5.68,998
University of Iowa,United States,us,2025,0.0,0.0,9.3,13.7,39.2,14.5,North America,13.89,347
University of Jaen,Spain,es,2025,0.0,0.0,6.6,2.1,20.9,14.7,Europe,7.39,870
University of Jena,Germany,de,2025,0.0,0.0,6.6,12.8,29.1,26.2,Europe,12.32,423
University of Jinan,China,cn,2025,0.0,0.0,6.6,2.1,27.5,9.6,Asia,8.2,768
University of Johannesburg,South Africa,za,2025,0.0,0.0,0.0,8.1,35.3,15.3,Africa,10.21,564
University of Jyvaskyla,Finland,fi,2025,0.0,0.0,0.0,9.3,27.2,12.1,Europe,8.51,727
University of Kansas,United States,us,2025,16.1,0.0,6.6,10.1,36.9,13.3,North America,13.66,358
University of Kassel,Germany,de,2025,0.0,0.0,6.6,4.1,17.9,17.1,Europe,7.43,864
University of Kent,United Kingdom,gb,2025,18.4,0.0,9.3,7.0,22.3,19.2,Europe,11.48,473
University of Kentucky,United States,us,2025,8.8,0.0,9.3,8.4,36.4,16.7,North America,13.37,371
University of Konstanz,Germany,de,2025,0.0,0.0,6.6,18.6,21.7,27.6,Europe,12.14,434
University of KwaZulu-Natal,South Africa,za,2025,0.0,0.0,0.0,12.9,28.9,13.3,Africa,9.69,603
University of La Laguna,Spain,es,2025,0.0,0.0,0.0,11.1,24.5,16.4,Europe,8.76,702
University of Lahore,Pakistan,pk,2025,0.0,0.0,0.0,1.5,27.2,11.5,Asia,6.89,956
University of Las Palmas de Gran Canaria,Spain,es,2025,0.0,0.0,6.6,2.5,18.4,13.2,Europe,6.82,965
University of Lausanne,Switzerland,ch,2025,16.1,15.6,14.7,23.9,35.8,23.9,Europe,22.0,148
University of Leeds,United Kingdom,gb,2025,15.3,0.0,13.2,22.8,44.2,20.9,Europe,19.66,189
University of Leicester,United Kingdom,gb,2025,0.0,0.0,9.3,13.0,31.7,21.5,Europe,12.95,397
University of Leipzig,Germany,de,2025,8.8,9.0,13.2,14.4,34.0,30.5,Europe,18.05,218
University of Liege,Belgium,be,2025,5.1,0.0,6.6,13.1,30.0,24.2,Europe,12.87,400
University of Lille,France,fr,2025,0.0,0.0,6.6,10.8,38.2,14.0,Europe,12.52,414
University of Limerick,Ireland,ie,2025,0.0,0.0,9.3,3.4,22.2,10.3,Europe,8.01,796
University of Lisbon,Portugal,pt,2025,0.0,6.4,9.3,13.0,49.5,18.0,Portugal,17.44,231
University of Liverpool,United Kingdom,gb,2025,14.4,9.0,16.1,20.2,46.5,24.9,Europe,22.29,145
University of Ljubljana,Slovenia,si,2025,0.0,0.0,0.0,7.2,36.0,16.4,Europe,10.28,560
University of Lleida,Spain,es,2025,0.0,0.0,9.3,3.9,17.4,18.9,Europe,8.01,796
University of Lorraine,France,fr,2025,10.2,12.8,11.4,11.6,34.1,14.2,Europe,16.42,259
University of Louisville,United States,us,2025,0.0,0.0,9.3,5.7,25.9,13.6,North America,9.54,625
University of Luebeck,Germany,de,2025,0.0,0.0,11.4,8.7,18.0,21.7,Europe,9.79,594
University of Luxembourg,Luxembourg,lu,2025,0.0,0.0,11.4,7.2,23.4,11.4,Europe,9.54,625
University of Macau,Macau,mo,2025,0.0,0.0,13.2,3.6,41.7,27.9,Asia,14.49,325
University of Magdeburg,Germany,de,2025,0.0,0.0,0.0,5.9,21.8,21.3,Europe,7.67,833
University of Maine,United States,us,2025,0.0,15.6,0.0,9.0,17.4,19.6,North America,10.36,552
University of Mainz,Germany,de,2025,0.0,6.4,18.6,20.9,35.1,34.8,Europe,19.68,188
University of Malaga,Spain,es,2025,0.0,0.0,0.0,5.3,27.4,13.1,Europe,7.85,818
University of Malaya,Malaysia,my,2025,0.0,0.0,0.0,4.4,35.9,15.2,Asia,9.58,622
University of Manitoba,Canada,ca,2025,10.2,0.0,18.6,7.2,34.4,19.4,North America,15.0,301
University of Mannheim,Germany,de,2025,0.0,0.0,6.6,3.9,20.1,20.2,Europe,8.14,772
University of Marburg,Germany,de,2025,7.2,0.0,9.3,13.3,26.2,28.0,Europe,13.28,377
"University of Maryland, Baltimore",United States,us,2025,0.0,0.0,6.6,12.6,34.5,14.7,North America,12.21,428
"University of Maryland, Baltimore County",United States,us,2025,0.0,0.0,6.6,9.0,18.1,16.8,North America,8.42,740
"University of Maryland, College Park",United States,us,2025,16.9,18.1,33.5,34.7,46.2,30.7,North America,31.26,55
University of Massachusetts Chan Medical School,United States,us,2025,0.0,27.1,14.7,20.8,24.5,21.2,North America,19.54,190
"University of Massachusetts, Amherst",United States,us,2025,12.5,0.0,16.1,19.8,33.3,21.3,North America,17.22,237
University of Messina,Italy,it,2025,0.0,0.0,0.0,2.5,26.5,15.8,Europe,7.38,873
University of Miami,United States,us,2025,0.0,0.0,6.6,15.1,40.8,20.7,North America,14.57,321
"University of Michigan, Ann Arbor",United States,us,2025,36.4,9.6,31.6,39.7,71.4,22.2,North America,36.32,33
University of Milan,Italy,it,2025,15.3,0.0,18.6,14.7,48.3,21.3,Europe,19.98,183
University of Milano-Bicocca,Italy,it,2025,0.0,0.0,9.3,9.5,36.2,22.3,Europe,13.23,385
University of Minho,Portugal,pt,2025,0.0,0.0,9.3,3.9,28.8,16.9,Portugal,10.09,576
"University of Minnesota, Twin Cities",United States,us,2025,25.5,14.7,34.2,28.3,57.9,21.6,North America,31.73,52
"University of Missouri, Columbia",United States,us,2025,7.2,13.5,14.7,11.3,35.2,16.0,North America,17.26,236
"University of Missouri, Kansas City",United States,us,2025,0.0,0.0,6.6,3.1,19.6,14.4,North America,7.3,884
University of Modena and Reggio Emilia,Italy,it,2025,0.0,0.0,0.0,2.5,28.0,17.5,Europe,7.85,818
University of Montpellier,France,fr,2025,8.8,0.0,13.2,21.8,44.8,22.7,Europe,19.11,199
University of Montreal,Canada,ca,2025,10.2,0.0,16.1,21.6,50.1,24.0,North America,20.98,171
University of Muenster,Germany,de,2025,17.7,9.0,11.4,19.5,34.1,27.9,Europe,19.36,193
University of Munich,Germany,de,2025,24.4,18.8,27.1,33.9,53.6,42.4,Europe,33.36,42
University of Murcia,Spain,es,2025,0.0,0.0,6.6,3.6,26.9,13.9,Europe,8.81,696
University of Nantes,France,fr,2025,0.0,0.0,6.6,8.8,28.8,14.1,Europe,10.25,561
University of Naples Federico II,Italy,it,2025,0.0,0.0,11.4,9.9,48.5,18.5,Europe,15.81,268
"University of Natural Resources and Life Sciences, Vienna",Austria,at,2025,0.0,0.0,9.3,3.9,22.0,22.8,Europe,9.32,645
University of Navarra,Spain,es,2025,0.0,0.0,14.7,5.4,24.2,20.7,Europe,10.93,511
University of Nebraska Medical Center,United States,us,2025,0.0,0.0,0.0,4.4,24.0,16.9,North America,7.37,874
"University of Nebraska, Lincoln",United States,us,2025,14.4,0.0,11.4,11.6,29.4,16.7,North America,13.59,362
"University of Nevada, Las Vegas",United States,us,2025,0.0,0.0,9.3,10.3,23.8,16.4,North America,10.32,556
"University of Nevada, Reno",United States,us,2025,0.0,0.0,6.6,10.3,23.1,17.2,North America,9.72,599
University of New Brunswick,Canada,ca,2025,0.0,0.0,6.6,3.3,18.7,13.6,North America,7.08,915
University of New Hampshire,United States,us,2025,0.0,0.0,11.4,4.9,20.8,16.9,North America,9.11,664
University of North Carolina at Chapel Hill,United States,us,2025,7.2,21.5,37.2,36.0,56.7,30.1,North America,34.01,39
University of North Texas,United States,us,2025,0.0,0.0,6.6,6.0,27.4,16.7,North America,9.67,608
University of Notre Dame,United States,us,2025,11.4,0.0,9.3,14.8,29.3,18.8,North America,13.7,355
University of Nottingham,United Kingdom,gb,2025,18.4,18.1,17.4,17.7,43.3,22.7,Europe,23.41,124
University of Oklahoma Health Sciences Center,United States,us,2025,0.0,0.0,6.6,3.4,20.8,15.0,North America,7.66,835
"University of Oklahoma, Norman",United States,us,2025,0.0,0.0,14.7,8.5,28.2,16.2,North America,11.9,445
University of Oldenburg,Germany,de,2025,0.0,0.0,6.6,10.3,20.3,22.3,Europe,9.67,608
University of Oregon,United States,us,2025,5.1,0.0,0.0,13.0,25.6,16.7,North America,9.9,584
University of Oslo,Norway,no,2025,24.4,28.5,16.1,14.4,51.6,27.7,Europe,27.33,84
University of Otago,New Zealand,nz,2025,0.0,0.0,6.6,12.4,30.9,19.8,Oceania,11.96,441
University of Ottawa,Canada,ca,2025,0.0,0.0,20.8,11.8,44.0,21.5,North America,17.47,229
University of Oulu,Finland,fi,2025,10.2,0.0,6.6,7.6,31.3,14.2,Europe,11.54,469
University of Oviedo,Spain,es,2025,0.0,0.0,6.6,5.8,26.8,13.8,Europe,9.22,653
University of Oxford,United Kingdom,gb,2025,50.5,58.5,51.4,61.2,75.7,48.0,Europe,59.21,6
University of Padua,Italy,it,2025,0.0,0.0,18.6,15.4,52.1,21.7,Europe,19.39,192
University of Palermo(Italy),Italy,it,2025,0.0,0.0,0.0,4.1,30.8,15.4,Europe,8.52,725
University of Parma,Italy,it,2025,0.0,0.0,9.3,5.1,27.2,18.1,Europe,10.13,572
University of Patras,Greece,gr,2025,0.0,0.0,0.0,4.1,24.5,10.5,Europe,6.77,973
University of Pavia,Italy,it,2025,0.0,0.0,9.3,6.8,33.2,22.0,Europe,12.06,436
University of Pennsylvania,United States,us,2025,31.4,38.8,47.4,46.6,66.2,40.8,North America,47.02,15
University of Perugia,Italy,it,2025,0.0,0.0,9.3,6.4,28.1,18.9,Europe,10.65,531
University of Picardie Jules Verne,France,fr,2025,0.0,0.0,9.3,4.6,15.9,11.4,Europe,7.1,910
University of Pisa,Italy,it,2025,19.1,20.2,6.6,7.6,39.8,22.6,Europe,19.01,201
University of Pittsburgh,United States,us,2025,16.1,0.0,34.2,25.5,56.5,17.7,North America,26.62,88
University of Plymouth,United Kingdom,gb,2025,0.0,0.0,6.6,4.6,20.9,16.3,Europe,8.05,790
University of Poitiers,France,fr,2025,10.2,0.0,0.0,7.2,18.5,11.3,Europe,7.29,887
University of Porto,Portugal,pt,2025,0.0,0.0,9.3,13.0,45.2,20.6,Portugal,15.56,280
University of Portsmouth,United Kingdom,gb,2025,0.0,0.0,0.0,5.7,23.3,13.1,Europe,7.11,907
University of Potsdam,Germany,de,2025,0.0,0.0,9.3,15.4,29.1,32.2,Europe,13.98,343
University of Pretoria,South Africa,za,2025,0.0,0.0,6.6,7.7,30.7,13.6,Africa,10.36,552
University of Quebec Montreal,Canada,ca,2025,0.0,0.0,6.6,4.7,25.3,12.7,North America,8.59,719
University of Regensburg,Germany,de,2025,0.0,0.0,6.6,17.9,23.5,25.5,Europe,12.15,433
University of Regina,Canada,ca,2025,0.0,0.0,6.6,5.5,16.4,13.8,North America,7.08,915
University of Rennes,France,fr,2025,0.0,0.0,11.4,10.4,30.1,16.3,Europe,12.01,440
University of Rhode Island,United States,us,2025,0.0,0.0,6.6,3.6,20.3,14.4,North America,7.54,850
University of Rochester,United States,us,2025,30.2,5.2,9.3,19.7,36.4,15.8,North America,18.72,207
University of Rome Tor Vergata,Italy,it,2025,0.0,0.0,0.0,12.0,34.7,20.3,Europe,11.37,482
University of Rostock,Germany,de,2025,0.0,0.0,6.6,14.6,21.1,25.0,Europe,10.96,507
University of Salamanca,Spain,es,2025,0.0,0.0,6.6,7.7,27.0,15.9,Europe,9.85,589
University of Salerno,Italy,it,2025,0.0,0.0,9.3,3.3,26.8,16.4,Europe,9.52,631
University of Santiago Compostela,Spain,es,2025,0.0,0.0,6.6,9.4,30.5,16.2,Europe,10.92,512
University of Sao Paulo,Brazil,br,2025,0.0,0.0,16.1,17.7,68.1,17.0,South America,22.08,147
University of Saskatchewan,Canada,ca,2025,7.2,0.0,6.6,7.9,29.7,16.9,North America,11.25,491
University of Science and Technology Beijing,China,cn,2025,0.0,0.0,16.1,8.8,52.1,19.6,Asia,17.36,232
University of Science and Technology of China,China,cn,2025,0.0,0.0,40.6,36.9,76.7,30.8,Asia,33.92,40
"University of Science, Malaysia",Malaysia,my,2025,0.0,0.0,0.0,3.6,32.1,13.6,Asia,8.5,728
University of Seville,Spain,es,2025,0.0,0.0,6.6,6.5,37.1,13.1,Europe,11.35,484
University of Shanghai for Science and Technology,China,cn,2025,0.0,0.0,16.1,5.6,39.2,16.5,Asia,13.83,350
University of Sharjah,United Arab Emirates,ae,2025,0.0,0.0,0.0,2.9,26.9,11.4,Asia,7.1,910
University of Sherbrooke,Canada,ca,2025,0.0,0.0,0.0,8.3,26.0,12.3,North America,8.09,780
University of Siena,Italy,it,2025,0.0,0.0,6.6,6.9,25.4,19.0,Europe,9.68,605
University of South Africa,South Africa,za,2025,13.5,0.0,0.0,2.1,23.4,10.7,Africa,7.52,851
University of South Australia,Australia,au,2025,0.0,0.0,13.2,9.9,27.6,21.2,Oceania,12.26,425
"University of South Carolina, Columbia",United States,us,2025,0.0,0.0,6.6,8.5,34.0,15.3,North America,11.35,484
University of South China,China,cn,2025,0.0,0.0,0.0,2.1,32.8,13.1,Asia,8.29,754
University of South Florida,United States,us,2025,0.0,0.0,6.6,10.5,36.8,16.2,North America,12.4,421
University of Southampton,United Kingdom,gb,2025,0.0,0.0,22.8,20.5,41.7,23.6,Europe,19.36,193
University of Southern California,United States,us,2025,0.0,28.5,29.4,24.4,51.6,24.0,North America,29.18,68
University of Southern Denmark,Denmark,dk,2025,0.0,0.0,11.4,11.9,40.3,18.3,Europe,14.55,322
University of Southern Queensland,Australia,au,2025,0.0,0.0,9.3,4.3,22.9,21.5,Oceania,9.45,636
University of St Andrews,United Kingdom,gb,2025,8.8,0.0,9.3,18.4,24.8,21.3,Europe,13.51,368
University of Stirling,United Kingdom,gb,2025,0.0,0.0,9.3,7.3,17.7,17.5,Europe,8.61,717
University of Strasbourg,France,fr,2025,25.5,29.6,6.6,19.2,33.9,22.1,Europe,22.62,136
University of Strathclyde,United Kingdom,gb,2025,0.0,0.0,0.0,6.9,27.7,17.3,Europe,8.65,711
University of Stuttgart,Germany,de,2025,16.9,0.0,9.3,10.7,25.8,29.2,Europe,13.77,352
University of Surrey,United Kingdom,gb,2025,0.0,0.0,13.2,5.9,31.8,22.4,Europe,12.42,419
University of Sussex,United Kingdom,gb,2025,0.0,19.8,13.2,11.4,28.7,22.4,Europe,16.86,248
University of Sydney,Australia,au,2025,12.5,0.0,34.8,22.0,64.6,28.0,Oceania,28.33,72
University of Szeged,Hungary,hu,2025,13.5,16.9,0.0,4.1,22.0,12.5,Europe,11.2,494
University of Tartu,Estonia,ee,2025,0.0,0.0,9.3,11.0,26.0,12.5,Europe,10.51,541
University of Tasmania,Australia,au,2025,0.0,0.0,11.4,15.8,29.1,23.4,Oceania,13.6,360
University of Technology Sydney,Australia,au,2025,0.0,0.0,21.8,10.0,39.7,25.9,Oceania,16.89,245
University of Tehran,Iran,ir,2025,11.4,0.0,0.0,4.4,39.4,17.1,Asia,11.61,462
University of Tennessee Health Science Center,United States,us,2025,0.0,0.0,0.0,9.4,20.5,10.6,North America,7.04,924
University of Texas Southwestern Medical Center,United States,us,2025,16.9,30.8,28.7,35.0,39.1,25.1,North America,30.92,58
University of Toledo,United States,us,2025,0.0,0.0,9.3,9.3,18.9,18.2,North America,9.32,645
University of Toronto,Canada,ca,2025,16.1,23.9,38.9,36.2,79.1,30.0,North America,40.23,25
University of Trento,Italy,it,2025,0.0,0.0,14.7,9.1,30.1,22.8,Europe,13.06,391
University of Trieste,Italy,it,2025,0.0,0.0,0.0,10.1,27.2,21.4,Europe,9.6,618
University of Tsukuba,Japan,jp,2025,0.0,17.3,0.0,15.3,35.1,16.3,Asia,15.17,295
University of Tuebingen,Germany,de,2025,20.4,0.0,17.4,22.0,39.0,35.1,Europe,21.23,165
University of Turin,Italy,it,2025,12.5,0.0,13.2,10.4,45.6,19.7,Europe,17.06,242
University of Turku,Finland,fi,2025,0.0,0.0,6.6,12.8,35.2,16.0,Europe,12.52,414
University of Twente,Netherlands,nl,2025,0.0,0.0,6.6,6.5,30.7,16.7,Europe,10.43,549
University of Ulm,Germany,de,2025,0.0,0.0,16.1,8.0,27.3,30.8,Europe,13.36,372
University of Ulsan,South Korea,kr,2025,0.0,0.0,6.6,4.9,32.0,16.3,Asia,10.33,555
University of Utah,United States,us,2025,0.0,10.4,13.2,23.6,48.2,20.4,North America,21.12,169
University of Valencia,Spain,es,2025,0.0,0.0,11.4,11.0,44.0,17.8,Europe,15.06,299
University of Vermont,United States,us,2025,12.5,0.0,6.6,9.5,25.2,19.7,North America,11.48,473
University of Verona,Italy,it,2025,0.0,0.0,13.2,3.9,28.2,21.3,Europe,11.19,495
University of Versailles Saint-Quentin-en-Yvelines,France,fr,2025,0.0,0.0,0.0,4.1,24.8,17.8,Europe,7.56,845
University of Victoria,Canada,ca,2025,0.0,0.0,17.4,12.6,29.1,19.6,North America,13.78,351
University of Vienna,Austria,at,2025,16.1,11.7,17.4,27.8,38.8,32.5,Europe,24.0,118
University of Vigo,Spain,es,2025,0.0,0.0,0.0,4.4,24.4,14.4,Europe,7.2,894
University of Virginia,United States,us,2025,0.0,0.0,17.4,24.0,42.8,17.3,North America,18.57,209
University of Warsaw,Poland,pl,2025,18.4,0.0,0.0,10.9,32.4,11.0,Europe,11.6,465
University of Washington,United States,us,2025,22.2,35.5,42.1,54.5,68.2,25.2,North America,44.8,17
University of Waterloo,Canada,ca,2025,0.0,13.5,23.7,10.8,41.0,21.8,North America,19.98,183
University of Windsor,Canada,ca,2025,0.0,0.0,6.6,3.1,17.8,13.6,North America,6.86,961
"University of Wisconsin, Madison",United States,us,2025,27.4,30.6,25.5,36.1,59.0,23.5,North America,35.33,36
"University of Wisconsin, Milwaukee",United States,us,2025,8.8,0.0,0.0,6.7,19.6,13.0,North America,7.44,862
University of Wollongong,Australia,au,2025,0.0,0.0,9.3,12.1,32.6,24.2,Oceania,13.22,386
University of Wuerzburg,Germany,de,2025,17.7,0.0,13.2,20.4,33.0,31.8,Europe,18.27,215
University of Wuppertal,Germany,de,2025,0.0,0.0,0.0,7.5,18.7,19.0,Europe,7.14,902
University of Wyoming,United States,us,2025,0.0,0.0,6.6,9.2,21.1,16.6,North America,9.04,670
University of York,United Kingdom,gb,2025,13.5,0.0,9.3,17.2,33.7,21.4,Europe,15.53,281
University of Zagreb,Croatia,hr,2025,0.0,0.0,0.0,6.1,34.9,14.9,Europe,9.69,603
University of Zaragoza,Spain,es,2025,0.0,0.0,6.6,6.5,31.8,14.5,Europe,10.43,549
University of Zurich,Switzerland,ch,2025,0.0,20.2,25.5,32.9,52.8,35.9,Europe,29.87,64
University of the Balearic Islands,Spain,es,2025,0.0,0.0,6.6,4.5,21.6,17.8,Europe,8.32,750
University of the Basque Country,Spain,es,2025,0.0,0.0,6.6,13.6,36.5,19.6,Europe,13.3,375
University of the Punjab,Pakistan,pk,2025,12.5,0.0,0.0,1.5,27.7,12.3,Asia,8.32,750
University of the Sunshine Coast,Australia,au,2025,0.0,0.0,0.0,6.4,20.0,19.8,Oceania,7.26,891
University of the Witwatersrand,South Africa,za,2025,16.1,0.0,11.4,13.6,36.4,17.7,Africa,15.66,276
Università Della Svizzera Italiana,Switzerland,ch,2025,0.0,0.0,6.6,14.2,16.0,21.0,Europe,9.46,635
Université Grenoble Alpes,France,fr,2025,11.4,12.8,13.2,23.3,44.2,20.1,Europe,21.85,155
Université Paris Cité,France,fr,2025,14.8,9.9,34.8,31.2,58.7,25.1,Europe,30.91,60
Université libre de Bruxelles (ULB),Belgium,be,2025,17.7,23.9,11.4,19.3,31.6,33.6,Europe,22.37,141
Uppsala University,Sweden,se,2025,19.7,20.2,11.4,26.8,49.5,26.8,Europe,26.23,93
Ural Federal University,Russia,ru,2025,0.0,0.0,0.0,3.6,29.6,12.5,Europe,7.89,807
Utah State University,United States,us,2025,12.5,0.0,6.6,10.9,24.0,15.6,North America,11.11,500
Utrecht University,Netherlands,nl,2025,20.4,16.9,35.4,24.9,55.1,26.3,Europe,31.13,57
Vanderbilt University,United States,us,2025,20.4,25.5,24.6,23.5,49.4,33.5,North America,29.99,62
Vellore Institute of Technology,India,in,2025,0.0,0.0,0.0,0.0,40.8,17.2,Asia,9.88,587
Victoria University of Wellington,New Zealand,nz,2025,10.2,0.0,11.4,7.2,24.3,19.6,Oceania,11.56,467
Vienna University of Technology,Austria,at,2025,14.4,0.0,11.4,16.7,25.7,28.9,Europe,15.09,297
Vilnius University,Lithuania,lt,2025,7.2,0.0,6.6,11.3,24.9,12.1,Europe,10.49,543
Virginia Commonwealth University,United States,us,2025,8.8,12.8,9.3,5.1,31.9,13.1,North America,14.01,341
Virginia Polytechnic Institute and State University,United States,us,2025,10.2,0.0,16.1,17.4,39.4,17.5,North America,17.35,233
Vita-Salute San Raffaele University,Italy,it,2025,0.0,0.0,14.7,6.9,23.4,26.9,Europe,11.69,455
Vrije Universiteit Amsterdam,Netherlands,nl,2025,0.0,0.0,19.7,18.0,46.8,22.6,Europe,19.16,197
Vrije Universiteit Brussel,Belgium,be,2025,16.9,0.0,9.3,10.3,32.2,28.8,Europe,14.93,304
Wageningen University & Research,Netherlands,nl,2025,0.0,0.0,32.9,18.8,39.9,29.3,Europe,21.25,163
Wake Forest University,United States,us,2025,0.0,0.0,9.3,7.2,29.8,10.4,North America,10.3,559
Warsaw University of Technology,Poland,pl,2025,0.0,0.0,0.0,3.6,25.3,11.0,Europe,6.88,959
Waseda University,Japan,jp,2025,0.0,0.0,0.0,7.4,28.8,12.5,Asia,8.49,729
Washington State University,United States,us,2025,0.0,0.0,14.7,11.6,28.5,15.1,North America,12.47,417
Washington University in St Louis,United States,us,2025,20.4,26.8,47.0,42.9,51.1,35.6,North America,39.16,27
Wayne State University,United States,us,2025,0.0,0.0,0.0,6.5,30.8,13.5,North America,8.81,696
Weizmann Institute of Science,Israel,il,2025,16.1,14.7,34.2,40.8,23.5,45.2,Asia,28.77,71
Wenzhou Medical University,China,cn,2025,0.0,0.0,0.0,6.9,45.0,17.4,Asia,12.12,435
Wenzhou University,China,cn,2025,0.0,0.0,11.4,1.5,30.7,13.8,Asia,10.1,575
West Virginia University,United States,us,2025,0.0,0.0,6.6,9.5,28.8,14.1,North America,10.39,551
Western Sydney University,Australia,au,2025,0.0,0.0,18.6,10.4,30.7,22.8,Oceania,14.22,335
Western University,Canada,ca,2025,0.0,0.0,14.7,6.3,42.4,20.0,North America,14.68,314
Westlake University,China,cn,2025,0.0,0.0,14.7,22.4,24.6,15.3,Asia,13.87,349
Wroclaw University of Science and Technology,Poland,pl,2025,0.0,0.0,0.0,4.1,24.5,11.0,Europe,6.82,965
Wuhan Institute of Technology,China,cn,2025,0.0,0.0,6.6,4.6,25.7,11.4,Asia,8.52,725
Wuhan University,China,cn,2025,0.0,0.0,31.6,24.2,71.5,20.6,Asia,27.52,81
Wuhan University of Science and Technology,China,cn,2025,0.0,0.0,0.0,3.3,32.1,11.5,Asia,8.23,765
Wuhan University of Technology,China,cn,2025,0.0,0.0,22.8,8.5,48.1,16.0,Asia,17.48,227
Xi'an Jiaotong University,China,cn,2025,0.0,0.0,24.6,15.9,79.7,22.6,Asia,26.3,92
Xi'an Jiaotong-Liverpool University,China,cn,2025,0.0,0.0,6.6,0.0,24.4,12.3,Asia,7.43,864
Xi'an University of Architecture and Technology,China,cn,2025,0.0,0.0,0.0,0.0,32.4,12.1,Asia,7.69,831
Xi'an University of Science and Technology,China,cn,2025,0.0,0.0,0.0,0.0,28.6,12.0,Asia,6.92,951
Xi'an University of Technology,China,cn,2025,0.0,0.0,6.6,0.0,38.4,15.5,Asia,10.55,538
Xiamen University,China,cn,2025,0.0,0.0,22.8,18.7,58.4,20.0,Asia,21.98,150
Xiangtan University,China,cn,2025,0.0,0.0,0.0,4.7,30.2,11.5,Asia,8.13,775
Xidian University,China,cn,2025,0.0,0.0,11.4,1.5,44.8,14.8,Asia,13.02,393
Xinjiang University,China,cn,2025,0.0,0.0,0.0,0.0,37.6,13.8,Asia,8.9,687
Xuzhou Medical University,China,cn,2025,0.0,0.0,0.0,2.1,30.5,17.1,Asia,8.23,765
Yale University,United States,us,2025,51.5,48.6,47.0,57.1,62.6,38.0,North America,52.01,11
Yangtze University,China,cn,2025,0.0,0.0,0.0,2.1,29.6,10.6,Asia,7.4,866
Yangzhou University,China,cn,2025,0.0,0.0,9.3,5.1,48.2,15.0,Asia,14.02,340
Yanshan University,China,cn,2025,0.0,0.0,0.0,10.9,34.7,13.7,Asia,10.49,543
Yantai University,China,cn,2025,0.0,0.0,0.0,2.1,28.6,11.7,Asia,7.31,881
Yeungnam University,South Korea,kr,2025,0.0,0.0,9.3,0.0,32.4,18.2,Asia,10.16,569
Yokohama City University,Japan,jp,2025,0.0,0.0,0.0,8.8,21.9,9.9,Asia,7.13,905
Yonsei University,South Korea,kr,2025,14.4,0.0,14.7,14.0,56.1,21.1,Asia,20.51,176
York University,Canada,ca,2025,0.0,0.0,0.0,6.7,31.4,12.9,North America,8.91,685
Yunnan University,China,cn,2025,0.0,0.0,6.6,13.7,40.1,14.9,Asia,13.57,363
Zagazig University,Egypt,eg,2025,0.0,0.0,0.0,1.5,27.6,11.6,Africa,6.98,933
Zhejiang A&F University,China,cn,2025,0.0,0.0,0.0,3.4,28.4,11.9,Asia,7.55,847
Zhejiang Chinese Medical University,China,cn,2025,0.0,0.0,0.0,3.6,33.2,15.1,Asia,8.87,690
Zhejiang Normal University,China,cn,2025,0.0,0.0,0.0,4.7,35.7,12.8,Asia,9.36,643
Zhejiang Sci-Tech University,China,cn,2025,0.0,0.0,6.6,4.9,34.4,12.7,Asia,10.45,548
Zhejiang University,China,cn,2025,0.0,0.0,47.9,42.0,100.0,28.3,Asia,40.81,24
Zhejiang University of Technology,China,cn,2025,0.0,0.0,14.7,7.4,43.7,15.3,Asia,14.69,313
Zhengzhou University,China,cn,2025,0.0,0.0,19.7,8.8,68.3,17.9,Asia,21.15,168
Zhongnan University of Economics and Law,China,cn,2025,0.0,0.0,0.0,0.0,22.8,10.7,Asia,5.63,999
